trip_id,driver_id,vehicle_id,source,destination,distance_km,load_kg,route,weather,traffic,fuel_used_l,co2_kg,fuel_cost,trip_date
T000001,D0398,V0074,Tumakuru,Mysuru,295.5,4393,Eco,Fog,Low,28.2,53.1,2115.0,2026-01-01 01:00:00
T000002,D0293,V0107,Hassan,Hubballi,67.4,3568,Shortest,Rain,Low,7.75,14.53,581.25,2026-01-01 02:00:00
T000003,D0009,V0092,Belagavi,Bengaluru,229.8,1606,Eco,Rain,High,38.41,73.61,2880.75,2026-01-01 03:00:00
T000004,D0094,V0035,Mandya,Belagavi,277.1,1533,Shortest,Fog,High,56.14,8.46,505.26,2026-01-01 04:00:00
T000005,D0442,V0200,Belagavi,Mandya,32.1,1283,Shortest,Rain,Medium,2.48,6.46,235.6,2026-01-01 05:00:00
T000006,D0218,V0021,Belagavi,Mandya,325.0,7555,Shortest,Clear,High,35.77,69.49,2682.75,2026-01-01 06:00:00
T000007,D0446,V0091,Hubballi,Mysuru,247.6,7626,Eco,Clear,High,28.14,4.21,253.26,2026-01-01 07:00:00
T000008,D0065,V0018,Mandya,Bengaluru,67.1,4366,Shortest,Fog,Low,5.73,12.94,607.38,2026-01-01 08:00:00
T000009,D0143,V0064,Mysuru,Mangaluru,65.4,2358,Fastest,Rain,High,5.5,15.09,522.5,2026-01-01 09:00:00
T000010,D0437,V0019,Tumakuru,Hubballi,322.4,7906,Fastest,Clear,Low,48.35,131.2,4593.25,2026-01-01 10:00:00
T000011,D0261,V0058,Tumakuru,Belagavi,72.0,2488,Fastest,Cloudy,Medium,10.47,27.35,994.65,2026-01-01 11:00:00
T000012,D0211,V0197,Mysuru,Bengaluru,122.1,7208,Shortest,Fog,High,12.37,34.33,1175.15,2026-01-01 12:00:00
T000013,D0266,V0040,Mandya,Belagavi,338.9,5482,Fastest,Clear,Low,22.85,3.47,205.65,2026-01-01 13:00:00
T000014,D0329,V0044,Tumakuru,Mysuru,226.3,3026,Fastest,Clear,High,18.6,2.79,167.4,2026-01-01 14:00:00
T000015,D0456,V0161,Tumakuru,Hubballi,89.6,9438,Eco,Clear,Medium,10.19,19.98,764.25,2026-01-01 15:00:00
T000016,D0442,V0184,Hubballi,Hassan,173.3,5731,Shortest,Cloudy,Medium,15.72,2.37,141.48,2026-01-01 16:00:00
T000017,D0443,V0158,Tumakuru,Hassan,101.8,7350,Fastest,Rain,Medium,8.43,16.01,632.25,2026-01-01 17:00:00
T000018,D0259,V0118,Belagavi,Hassan,310.1,4444,Fastest,Clear,Medium,20.16,37.8,1512.0,2026-01-01 18:00:00
T000019,D0188,V0012,Mysuru,Tumakuru,64.2,7063,Fastest,Rain,Medium,7.39,17.27,783.34,2026-01-01 19:00:00
T000020,D0481,V0094,Mysuru,Mandya,341.8,2863,Fastest,Rain,High,47.79,129.3,4540.05,2026-01-01 20:00:00
T000021,D0379,V0077,Mandya,Hassan,327.4,6011,Shortest,Fog,High,35.24,66.98,2643.0,2026-01-01 21:00:00
T000022,D0243,V0068,Hubballi,Tumakuru,121.5,9977,Shortest,Clear,High,16.89,38.4,1790.34,2026-01-01 22:00:00
T000023,D0161,V0108,Bengaluru,Mangaluru,332.9,2981,Eco,Clear,Medium,24.82,3.73,223.38,2026-01-01 23:00:00
T000024,D0468,V0137,Mangaluru,Hubballi,177.9,6108,Shortest,Cloudy,Medium,16.3,37.6,1727.8,2026-01-02 00:00:00
T000025,D0361,V0054,Tumakuru,Mangaluru,118.5,8511,Eco,Rain,Medium,12.14,22.45,910.5,2026-01-02 01:00:00
T000026,D0474,V0114,Mandya,Hassan,33.9,4701,Shortest,Clear,Medium,2.39,6.22,227.05,2026-01-02 02:00:00
T000027,D0120,V0014,Hassan,Mysuru,36.8,2141,Eco,Cloudy,High,8.19,19.13,868.14,2026-01-02 03:00:00
T000028,D0147,V0166,Belagavi,Hassan,234.7,1469,Fastest,Rain,Medium,26.1,66.31,2479.5,2026-01-02 04:00:00
T000029,D0005,V0077,Bengaluru,Belagavi,151.0,9805,Shortest,Rain,Low,13.24,25.26,993.0,2026-01-02 05:00:00
T000030,D0132,V0184,Tumakuru,Mysuru,286.9,3550,Fastest,Fog,High,33.63,5.0,302.67,2026-01-02 06:00:00
T000031,D0480,V0064,Hubballi,Mangaluru,51.5,611,Eco,Fog,Medium,4.3,11.83,408.5,2026-01-02 07:00:00
T000032,D0352,V0129,Hassan,Bengaluru,240.4,5595,Shortest,Cloudy,Medium,32.27,60.71,2420.25,2026-01-02 08:00:00
T000033,D0349,V0194,Mangaluru,Hassan,251.6,1841,Shortest,Cloudy,Low,15.31,29.47,1148.25,2026-01-02 09:00:00
T000034,D0299,V0126,Mandya,Hassan,302.0,1989,Shortest,Cloudy,High,23.83,44.92,1787.25,2026-01-02 10:00:00
T000035,D0112,V0149,Tumakuru,Hubballi,27.2,1696,Fastest,Clear,High,5.28,10.05,396.0,2026-01-02 11:00:00
T000036,D0457,V0098,Mandya,Belagavi,231.7,7848,Eco,Fog,Medium,24.35,57.08,2581.1,2026-01-02 12:00:00
T000037,D0238,V0173,Mandya,Hubballi,343.0,9420,Eco,Clear,Medium,43.49,81.87,3261.75,2026-01-02 13:00:00
T000038,D0106,V0018,Hubballi,Tumakuru,272.8,2153,Shortest,Clear,Low,17.27,40.69,1830.62,2026-01-02 14:00:00
T000039,D0307,V0198,Bengaluru,Mandya,186.3,5753,Fastest,Rain,High,37.36,84.59,3960.16,2026-01-02 15:00:00
T000040,D0483,V0165,Mandya,Hubballi,244.0,6744,Shortest,Clear,Medium,31.06,72.17,3292.36,2026-01-02 16:00:00
T000041,D0286,V0136,Mandya,Belagavi,172.8,2696,Eco,Fog,Medium,18.05,2.76,162.45,2026-01-02 17:00:00
T000042,D0097,V0195,Bengaluru,Hassan,144.5,9656,Fastest,Clear,Low,15.28,2.32,137.52,2026-01-02 18:00:00
T000043,D0283,V0083,Belagavi,Mysuru,249.6,5137,Eco,Fog,Low,46.59,91.91,3494.25,2026-01-02 19:00:00
T000044,D0212,V0012,Belagavi,Hubballi,297.1,9716,Fastest,Rain,Medium,33.32,75.79,3531.92,2026-01-02 20:00:00
T000045,D0391,V0126,Hubballi,Tumakuru,295.0,8537,Eco,Rain,Medium,27.19,50.24,2039.25,2026-01-02 21:00:00
T000046,D0212,V0036,Bengaluru,Belagavi,299.4,4291,Fastest,Clear,Low,38.68,87.57,4100.08,2026-01-02 22:00:00
T000047,D0258,V0179,Hubballi,Bengaluru,25.5,7554,Fastest,Rain,Low,2.02,4.73,214.12,2026-01-02 23:00:00
T000048,D0116,V0077,Mysuru,Hassan,336.6,1820,Shortest,Cloudy,High,28.16,54.04,2112.0,2026-01-03 00:00:00
T000049,D0440,V0025,Mandya,Bengaluru,185.0,9153,Fastest,Rain,High,18.82,2.83,169.38,2026-01-03 01:00:00
T000050,D0074,V0193,Bengaluru,Mandya,326.5,7025,Fastest,Cloudy,High,29.38,76.97,2791.1,2026-01-03 02:00:00
T000051,D0119,V0020,Mysuru,Mangaluru,266.0,6080,Shortest,Clear,Medium,46.01,7.01,414.09,2026-01-03 03:00:00
T000052,D0396,V0159,Hubballi,Hassan,81.3,5339,Fastest,Fog,Low,9.56,21.54,1013.36,2026-01-03 04:00:00
T000053,D0053,V0034,Mysuru,Bengaluru,21.7,1930,Fastest,Rain,Medium,2.06,4.0,154.5,2026-01-03 05:00:00
T000054,D0372,V0144,Mangaluru,Belagavi,147.1,4477,Shortest,Fog,Low,19.65,55.67,1866.75,2026-01-03 06:00:00
T000055,D0484,V0064,Tumakuru,Hassan,118.9,8623,Shortest,Rain,Medium,9.87,26.65,937.65,2026-01-03 07:00:00
T000056,D0165,V0155,Mangaluru,Hassan,130.5,3790,Eco,Cloudy,Medium,21.0,49.08,2226.0,2026-01-03 08:00:00
T000057,D0103,V0152,Hubballi,Mandya,289.4,9439,Fastest,Clear,High,28.34,53.32,2125.5,2026-01-03 09:00:00
T000058,D0338,V0040,Hubballi,Mangaluru,184.8,7432,Eco,Cloudy,Medium,15.32,2.21,137.88,2026-01-03 10:00:00
T000059,D0332,V0157,Mysuru,Bengaluru,273.8,1225,Shortest,Rain,Low,19.8,2.93,178.2,2026-01-03 11:00:00
T000060,D0013,V0124,Hassan,Tumakuru,143.5,2212,Eco,Cloudy,Medium,24.06,44.71,1804.5,2026-01-03 12:00:00
T000061,D0035,V0077,Belagavi,Mandya,177.1,1232,Shortest,Fog,Medium,13.69,25.26,1026.75,2026-01-03 13:00:00
T000062,D0095,V0048,Mangaluru,Tumakuru,160.7,7580,Eco,Fog,High,18.11,35.59,1358.25,2026-01-03 14:00:00
T000063,D0167,V0051,Mysuru,Mangaluru,53.6,7996,Fastest,Cloudy,Medium,12.11,1.83,108.99,2026-01-03 15:00:00
T000064,D0303,V0022,Belagavi,Tumakuru,76.9,2694,Eco,Rain,High,8.5,22.95,807.5,2026-01-03 16:00:00
T000065,D0086,V0126,Hubballi,Hassan,81.3,5232,Fastest,Cloudy,High,7.35,13.88,551.25,2026-01-03 17:00:00
T000066,D0086,V0022,Belagavi,Hassan,245.9,9763,Fastest,Fog,Medium,30.02,80.18,2851.9,2026-01-03 18:00:00
T000067,D0422,V0094,Belagavi,Tumakuru,188.6,9380,Fastest,Rain,High,28.98,79.16,2753.1,2026-01-03 19:00:00
T000068,D0108,V0189,Tumakuru,Mandya,304.5,6244,Shortest,Clear,Low,50.63,96.13,3797.25,2026-01-03 20:00:00
T000069,D0461,V0174,Mandya,Hassan,343.1,2060,Fastest,Rain,High,42.16,98.42,4468.96,2026-01-03 21:00:00
T000070,D0073,V0148,Mandya,Hubballi,126.3,4902,Shortest,Fog,Medium,11.0,25.31,1166.0,2026-01-03 22:00:00
T000071,D0498,V0118,Belagavi,Mandya,212.0,6369,Fastest,Clear,High,15.82,29.85,1186.5,2026-01-03 23:00:00
T000072,D0051,V0161,Belagavi,Hubballi,133.4,8029,Fastest,Clear,Low,13.07,24.13,980.25,2026-01-04 00:00:00
T000073,D0185,V0065,Tumakuru,Mysuru,308.6,1850,Eco,Clear,High,54.82,121.63,5810.92,2026-01-04 01:00:00
T000074,D0349,V0114,Mysuru,Bengaluru,90.4,652,Fastest,Cloudy,High,7.22,19.25,685.9,2026-01-04 02:00:00
T000075,D0397,V0193,Mysuru,Bengaluru,123.4,2681,Shortest,Cloudy,Medium,8.75,23.48,831.25,2026-01-04 03:00:00
T000076,D0460,V0026,Mandya,Tumakuru,223.3,2793,Fastest,Cloudy,Low,14.12,2.06,127.08,2026-01-04 04:00:00
T000077,D0266,V0156,Tumakuru,Belagavi,330.6,8848,Fastest,Rain,Low,23.52,54.29,2493.12,2026-01-04 05:00:00
T000078,D0280,V0175,Bengaluru,Hassan,328.2,3330,Eco,Fog,Medium,33.45,5.02,301.05,2026-01-04 06:00:00
T000079,D0360,V0103,Hubballi,Tumakuru,114.5,1850,Shortest,Fog,Medium,21.78,55.85,2069.1,2026-01-04 07:00:00
T000080,D0126,V0023,Mysuru,Hassan,250.6,7618,Fastest,Cloudy,Low,50.31,93.84,3773.25,2026-01-04 08:00:00
T000081,D0191,V0033,Bengaluru,Mandya,183.8,4903,Shortest,Rain,Low,19.14,2.89,172.26,2026-01-04 09:00:00
T000082,D0086,V0095,Mysuru,Tumakuru,170.2,3077,Eco,Fog,High,37.33,5.64,335.97,2026-01-04 10:00:00
T000083,D0477,V0010,Bengaluru,Mandya,35.2,9558,Shortest,Cloudy,Low,4.31,0.63,38.79,2026-01-04 11:00:00
T000084,D0412,V0133,Mangaluru,Bengaluru,185.7,1252,Eco,Cloudy,Low,13.06,24.89,979.5,2026-01-04 12:00:00
T000085,D0376,V0140,Tumakuru,Hubballi,225.5,4516,Fastest,Fog,Low,35.04,95.83,3328.8,2026-01-04 13:00:00
T000086,D0122,V0108,Hubballi,Belagavi,263.6,8561,Fastest,Cloudy,High,24.85,3.79,223.65,2026-01-04 14:00:00
T000087,D0420,V0101,Belagavi,Mangaluru,48.0,1726,Shortest,Cloudy,High,4.18,7.93,313.5,2026-01-04 15:00:00
T000088,D0400,V0198,Mangaluru,Mandya,169.4,2285,Fastest,Cloudy,Low,24.14,55.24,2558.84,2026-01-04 16:00:00
T000089,D0428,V0084,Mysuru,Bengaluru,72.0,2930,Fastest,Clear,Low,5.72,15.14,543.4,2026-01-04 17:00:00
T000090,D0412,V0036,Belagavi,Tumakuru,266.9,2489,Fastest,Fog,Low,40.93,95.43,4338.58,2026-01-04 18:00:00
T000091,D0034,V0051,Mysuru,Mangaluru,213.4,7765,Fastest,Clear,Low,43.89,6.61,395.01,2026-01-04 19:00:00
T000092,D0219,V0045,Hubballi,Belagavi,259.1,6299,Fastest,Fog,High,40.93,78.75,3069.75,2026-01-04 20:00:00
T000093,D0330,V0135,Belagavi,Bengaluru,48.9,4582,Shortest,Fog,Low,6.46,17.36,613.7,2026-01-04 21:00:00
T000094,D0459,V0200,Hubballi,Mandya,79.3,5102,Fastest,Cloudy,Low,5.99,16.32,569.05,2026-01-04 22:00:00
T000095,D0479,V0045,Bengaluru,Belagavi,348.8,3385,Fastest,Fog,Medium,43.84,83.45,3288.0,2026-01-04 23:00:00
T000096,D0159,V0045,Hassan,Belagavi,346.0,8535,Fastest,Fog,High,53.71,103.65,4028.25,2026-01-05 00:00:00
T000097,D0012,V0038,Mangaluru,Hubballi,78.6,2820,Fastest,Rain,Low,6.81,18.57,646.95,2026-01-05 01:00:00
T000098,D0492,V0125,Mangaluru,Mysuru,342.0,5698,Fastest,Fog,High,41.48,94.28,4396.88,2026-01-05 02:00:00
T000099,D0017,V0047,Tumakuru,Mysuru,78.6,5713,Shortest,Fog,High,14.64,2.12,131.76,2026-01-05 03:00:00
T000100,D0006,V0068,Mysuru,Belagavi,254.0,3935,Fastest,Rain,Medium,30.51,72.65,3234.06,2026-01-05 04:00:00
T000101,D0425,V0123,Hubballi,Hassan,311.0,9970,Shortest,Fog,Low,23.75,63.98,2256.25,2026-01-05 05:00:00
T000102,D0305,V0158,Mandya,Tumakuru,73.1,8409,Shortest,Clear,Medium,5.74,10.53,430.5,2026-01-05 06:00:00
T000103,D0293,V0141,Tumakuru,Hubballi,112.9,8543,Fastest,Clear,Medium,15.82,29.63,1186.5,2026-01-05 07:00:00
T000104,D0402,V0102,Mandya,Hubballi,116.3,8215,Eco,Clear,Medium,26.08,61.17,2764.48,2026-01-05 08:00:00
T000105,D0032,V0039,Tumakuru,Hassan,173.5,2084,Fastest,Rain,High,19.84,37.49,1488.0,2026-01-05 09:00:00
T000106,D0463,V0183,Belagavi,Tumakuru,310.9,1068,Shortest,Clear,Medium,52.78,7.84,475.02,2026-01-05 10:00:00
T000107,D0422,V0161,Hassan,Mysuru,34.1,2922,Shortest,Fog,Low,3.44,6.72,258.0,2026-01-05 11:00:00
T000108,D0213,V0039,Belagavi,Hubballi,24.1,2928,Shortest,Fog,Low,2.51,4.67,188.25,2026-01-05 12:00:00
T000109,D0089,V0071,Hubballi,Mandya,146.4,7102,Fastest,Fog,Low,14.45,27.02,1083.75,2026-01-05 13:00:00
T000110,D0144,V0126,Belagavi,Mandya,316.0,2109,Fastest,Rain,Medium,23.11,44.09,1733.25,2026-01-05 14:00:00
T000111,D0264,V0041,Hubballi,Mangaluru,179.9,1575,Eco,Rain,Low,19.61,45.65,2078.66,2026-01-05 15:00:00
T000112,D0189,V0119,Bengaluru,Tumakuru,36.7,8775,Eco,Cloudy,Medium,3.22,8.72,305.9,2026-01-05 16:00:00
T000113,D0015,V0099,Mangaluru,Mandya,74.0,1313,Fastest,Clear,Medium,5.16,12.14,546.96,2026-01-05 17:00:00
T000114,D0467,V0034,Bengaluru,Belagavi,277.5,3337,Shortest,Clear,Medium,24.72,47.15,1854.0,2026-01-05 18:00:00
T000115,D0053,V0002,Mangaluru,Hassan,103.2,8880,Shortest,Fog,High,12.71,29.65,1347.26,2026-01-05 19:00:00
T000116,D0365,V0167,Mangaluru,Mandya,231.4,5395,Fastest,Rain,High,52.41,120.44,5555.46,2026-01-05 20:00:00
T000117,D0019,V0150,Belagavi,Mandya,105.6,9872,Fastest,Fog,High,13.81,2.07,124.29,2026-01-05 21:00:00
T000118,D0414,V0144,Mandya,Hassan,52.2,3499,Shortest,Rain,High,8.14,21.86,773.3,2026-01-05 22:00:00
T000119,D0028,V0163,Mangaluru,Mandya,213.2,1666,Eco,Clear,Medium,20.02,53.88,1901.9,2026-01-05 23:00:00
T000120,D0162,V0184,Mandya,Mysuru,133.1,3454,Fastest,Fog,Low,12.43,1.89,111.87,2026-01-06 00:00:00
T000121,D0315,V0112,Mandya,Mangaluru,272.3,7535,Eco,Clear,Low,16.52,2.51,148.68,2026-01-06 01:00:00
T000122,D0356,V0089,Hassan,Bengaluru,243.3,5613,Fastest,Cloudy,Low,23.83,3.58,214.47,2026-01-06 02:00:00
T000123,D0184,V0193,Mangaluru,Hassan,313.0,3587,Fastest,Rain,Medium,24.79,65.36,2355.05,2026-01-06 03:00:00
T000124,D0449,V0164,Mandya,Bengaluru,141.0,4690,Shortest,Clear,Medium,15.44,2.32,138.96,2026-01-06 04:00:00
T000125,D0356,V0176,Belagavi,Hassan,60.8,652,Eco,Cloudy,Low,4.75,12.72,451.25,2026-01-06 05:00:00
T000126,D0103,V0200,Mysuru,Hassan,57.6,4808,Shortest,Cloudy,High,5.4,14.53,513.0,2026-01-06 06:00:00
T000127,D0343,V0127,Mangaluru,Mysuru,20.9,2943,Fastest,Clear,High,2.21,4.38,165.75,2026-01-06 07:00:00
T000128,D0411,V0174,Mysuru,Belagavi,77.7,5623,Eco,Rain,Medium,8.48,19.38,898.88,2026-01-06 08:00:00
T000129,D0206,V0103,Tumakuru,Hubballi,50.7,7979,Eco,Cloudy,Low,7.81,21.11,741.95,2026-01-06 09:00:00
T000130,D0348,V0113,Bengaluru,Belagavi,72.6,3469,Shortest,Fog,High,8.86,1.36,79.74,2026-01-06 10:00:00
T000131,D0361,V0174,Hubballi,Hassan,35.2,9098,Shortest,Rain,Low,3.65,8.45,386.9,2026-01-06 11:00:00
T000132,D0457,V0157,Belagavi,Mandya,239.0,1394,Fastest,Cloudy,High,19.19,3.01,172.71,2026-01-06 12:00:00
T000133,D0419,V0061,Mangaluru,Mandya,36.6,1791,Eco,Fog,Medium,7.22,16.55,765.32,2026-01-06 13:00:00
T000134,D0494,V0159,Hubballi,Hassan,31.8,5490,Shortest,Clear,High,3.76,8.74,398.56,2026-01-06 14:00:00
T000135,D0389,V0169,Belagavi,Mangaluru,236.9,4133,Fastest,Clear,Low,15.46,2.28,139.14,2026-01-06 15:00:00
T000136,D0313,V0051,Mandya,Belagavi,256.6,3572,Fastest,Clear,Medium,51.34,7.65,462.06,2026-01-06 16:00:00
T000137,D0003,V0136,Mysuru,Belagavi,314.3,1295,Shortest,Cloudy,Medium,27.5,4.15,247.5,2026-01-06 17:00:00
T000138,D0312,V0178,Hubballi,Mangaluru,218.2,4567,Eco,Fog,Medium,17.94,34.66,1345.5,2026-01-06 18:00:00
T000139,D0108,V0160,Mangaluru,Hubballi,263.2,5260,Shortest,Cloudy,Low,20.28,38.78,1521.0,2026-01-06 19:00:00
T000140,D0383,V0137,Belagavi,Tumakuru,208.3,5184,Eco,Fog,High,27.04,64.04,2866.24,2026-01-06 20:00:00
T000141,D0402,V0076,Mandya,Hassan,245.5,3842,Shortest,Clear,High,45.94,6.88,413.46,2026-01-06 21:00:00
T000142,D0341,V0013,Hassan,Mangaluru,278.8,6751,Eco,Rain,High,45.34,104.04,4806.04,2026-01-06 22:00:00
T000143,D0280,V0190,Belagavi,Hubballi,94.4,3718,Shortest,Rain,High,8.58,24.24,815.1,2026-01-06 23:00:00
T000144,D0434,V0066,Bengaluru,Tumakuru,112.1,592,Eco,Cloudy,High,10.07,1.52,90.63,2026-01-07 00:00:00
T000145,D0267,V0018,Mangaluru,Bengaluru,278.7,8776,Fastest,Cloudy,Low,20.43,46.51,2165.58,2026-01-07 01:00:00
T000146,D0343,V0089,Belagavi,Tumakuru,291.8,7801,Fastest,Clear,Low,27.89,4.13,251.01,2026-01-07 02:00:00
T000147,D0412,V0131,Hubballi,Mandya,198.3,7800,Eco,Rain,High,21.71,57.09,2062.45,2026-01-07 03:00:00
T000148,D0218,V0027,Bengaluru,Hubballi,41.6,3868,Shortest,Cloudy,High,5.47,0.84,49.23,2026-01-07 04:00:00
T000149,D0407,V0065,Belagavi,Mangaluru,129.5,9643,Fastest,Clear,Low,24.31,55.75,2576.86,2026-01-07 05:00:00
T000150,D0300,V0012,Mysuru,Mangaluru,21.9,1689,Eco,Clear,High,2.09,4.84,221.54,2026-01-07 06:00:00
T000151,D0152,V0163,Bengaluru,Tumakuru,71.6,2860,Eco,Fog,High,9.01,24.12,855.95,2026-01-07 07:00:00
T000152,D0108,V0192,Mysuru,Bengaluru,21.7,6133,Fastest,Clear,Medium,1.66,0.25,14.94,2026-01-07 08:00:00
T000153,D0282,V0019,Bengaluru,Belagavi,267.8,5262,Shortest,Fog,High,51.55,135.81,4897.25,2026-01-07 09:00:00
T000154,D0231,V0085,Mysuru,Hassan,224.4,5508,Shortest,Rain,Medium,20.76,46.92,2200.56,2026-01-07 10:00:00
T000155,D0237,V0115,Hubballi,Mandya,297.2,6377,Eco,Rain,Medium,39.03,5.88,351.27,2026-01-07 11:00:00
T000156,D0297,V0104,Mysuru,Hubballi,44.9,3985,Fastest,Clear,High,5.92,0.9,53.28,2026-01-07 12:00:00
T000157,D0258,V0003,Tumakuru,Mysuru,173.4,4413,Shortest,Fog,Medium,18.7,50.45,1776.5,2026-01-07 13:00:00
T000158,D0190,V0060,Mangaluru,Bengaluru,92.2,1201,Shortest,Clear,Medium,8.53,1.26,76.77,2026-01-07 14:00:00
T000159,D0335,V0097,Tumakuru,Belagavi,264.8,6485,Shortest,Cloudy,Medium,47.33,110.81,5016.98,2026-01-07 15:00:00
T000160,D0452,V0036,Mangaluru,Hassan,281.6,7707,Fastest,Clear,High,41.9,95.35,4441.4,2026-01-07 16:00:00
T000161,D0246,V0123,Hassan,Tumakuru,287.7,3952,Shortest,Fog,High,23.85,63.25,2265.75,2026-01-07 17:00:00
T000162,D0497,V0145,Mandya,Bengaluru,74.9,805,Shortest,Fog,High,9.58,25.19,910.1,2026-01-07 18:00:00
T000163,D0338,V0131,Hubballi,Tumakuru,67.1,4833,Fastest,Cloudy,High,7.27,19.99,690.65,2026-01-07 19:00:00
T000164,D0311,V0025,Hassan,Mangaluru,303.7,3406,Eco,Fog,Low,23.33,3.54,209.97,2026-01-07 20:00:00
T000165,D0448,V0012,Bengaluru,Belagavi,243.9,9180,Eco,Fog,Medium,29.66,69.34,3143.96,2026-01-07 21:00:00
T000166,D0097,V0002,Hassan,Belagavi,47.7,616,Shortest,Fog,Medium,4.34,10.28,460.04,2026-01-07 22:00:00
T000167,D0188,V0157,Hubballi,Mangaluru,213.2,5014,Shortest,Fog,High,22.63,3.59,203.67,2026-01-07 23:00:00
T000168,D0118,V0115,Hubballi,Mangaluru,65.6,3150,Fastest,Clear,High,7.91,1.15,71.19,2026-01-08 00:00:00
T000169,D0033,V0068,Bengaluru,Belagavi,50.1,4133,Eco,Fog,Low,6.07,13.81,643.42,2026-01-08 01:00:00
T000170,D0018,V0154,Mandya,Hubballi,183.1,8864,Shortest,Rain,Low,28.67,65.41,3039.02,2026-01-08 02:00:00
T000171,D0008,V0189,Hubballi,Mandya,241.0,1624,Fastest,Cloudy,High,45.97,85.86,3447.75,2026-01-08 03:00:00
T000172,D0055,V0144,Belagavi,Hassan,209.7,1685,Shortest,Fog,High,33.33,87.4,3166.35,2026-01-08 04:00:00
T000173,D0236,V0151,Belagavi,Hubballi,100.3,948,Eco,Fog,High,8.81,1.31,79.29,2026-01-08 05:00:00
T000174,D0345,V0192,Bengaluru,Hubballi,294.6,6103,Fastest,Clear,Medium,22.38,3.28,201.42,2026-01-08 06:00:00
T000175,D0106,V0059,Hassan,Tumakuru,263.2,3822,Fastest,Cloudy,Medium,32.09,61.38,2406.75,2026-01-08 07:00:00
T000176,D0445,V0071,Bengaluru,Belagavi,179.2,8541,Fastest,Fog,High,21.02,39.98,1576.5,2026-01-08 08:00:00
T000177,D0500,V0031,Belagavi,Tumakuru,30.7,8990,Eco,Cloudy,Medium,2.52,6.82,239.4,2026-01-08 09:00:00
T000178,D0095,V0128,Mandya,Mangaluru,106.7,7445,Fastest,Rain,Medium,25.57,49.08,1917.75,2026-01-08 10:00:00
T000179,D0101,V0038,Mysuru,Hubballi,109.1,2950,Eco,Fog,Medium,11.51,31.22,1093.45,2026-01-08 11:00:00
T000180,D0244,V0162,Bengaluru,Tumakuru,52.7,2077,Eco,Cloudy,Medium,9.61,1.43,86.49,2026-01-08 12:00:00
T000181,D0182,V0084,Mangaluru,Belagavi,244.3,8863,Eco,Cloudy,Medium,24.72,69.06,2348.4,2026-01-08 13:00:00
T000182,D0083,V0088,Mangaluru,Hassan,228.3,4239,Eco,Clear,Low,34.2,92.09,3249.0,2026-01-08 14:00:00
T000183,D0121,V0170,Belagavi,Hassan,75.2,4622,Shortest,Cloudy,High,16.99,31.08,1274.25,2026-01-08 15:00:00
T000184,D0080,V0022,Hubballi,Tumakuru,272.4,6887,Eco,Rain,High,33.48,87.93,3180.6,2026-01-08 16:00:00
T000185,D0228,V0035,Mangaluru,Belagavi,177.1,9335,Fastest,Rain,High,37.14,5.38,334.26,2026-01-08 17:00:00
T000186,D0006,V0001,Mysuru,Tumakuru,121.6,9074,Fastest,Cloudy,Medium,27.64,52.53,2073.0,2026-01-08 18:00:00
T000187,D0211,V0144,Tumakuru,Mangaluru,96.3,7661,Eco,Rain,Low,12.4,33.15,1178.0,2026-01-08 19:00:00
T000188,D0097,V0018,Tumakuru,Mandya,234.0,3488,Fastest,Rain,Medium,18.87,43.18,2000.22,2026-01-08 20:00:00
T000189,D0065,V0184,Bengaluru,Mangaluru,27.3,7683,Shortest,Rain,Medium,2.72,0.42,24.48,2026-01-08 21:00:00
T000190,D0137,V0199,Belagavi,Mangaluru,281.2,6929,Fastest,Cloudy,Low,23.25,54.3,2464.5,2026-01-08 22:00:00
T000191,D0395,V0025,Belagavi,Mysuru,263.4,9038,Shortest,Fog,High,29.52,4.49,265.68,2026-01-08 23:00:00
T000192,D0112,V0029,Tumakuru,Hassan,230.7,4366,Shortest,Clear,High,18.92,2.79,170.28,2026-01-09 00:00:00
T000193,D0081,V0128,Belagavi,Mangaluru,216.8,1997,Shortest,Clear,Low,35.85,66.75,2688.75,2026-01-09 01:00:00
T000194,D0376,V0050,Mandya,Tumakuru,96.8,849,Shortest,Rain,Medium,7.66,14.56,574.5,2026-01-09 02:00:00
T000195,D0469,V0142,Mandya,Mangaluru,134.7,3127,Fastest,Rain,High,13.23,1.99,119.07,2026-01-09 03:00:00
T000196,D0370,V0017,Mandya,Bengaluru,224.5,9330,Eco,Cloudy,Medium,25.44,56.58,2696.64,2026-01-09 04:00:00
T000197,D0448,V0009,Mysuru,Mangaluru,237.4,3810,Fastest,Cloudy,Low,17.82,41.02,1888.92,2026-01-09 05:00:00
T000198,D0336,V0126,Bengaluru,Hassan,92.8,1810,Eco,Clear,Low,5.9,11.21,442.5,2026-01-09 06:00:00
T000199,D0372,V0060,Mysuru,Belagavi,120.3,9210,Eco,Clear,Low,11.67,1.74,105.03,2026-01-09 07:00:00
T000200,D0406,V0047,Mangaluru,Hubballi,171.4,9510,Eco,Clear,Low,23.73,3.5,213.57,2026-01-09 08:00:00
T000201,D0124,V0145,Hubballi,Belagavi,229.0,9439,Fastest,Rain,High,33.97,90.06,3227.15,2026-01-09 09:00:00
T000202,D0154,V0057,Tumakuru,Mangaluru,25.4,4019,Eco,Rain,Low,4.15,0.62,37.35,2026-01-09 10:00:00
T000203,D0132,V0077,Mandya,Mysuru,107.4,2005,Shortest,Cloudy,Low,7.37,14.03,552.75,2026-01-09 11:00:00
T000204,D0400,V0015,Mysuru,Mangaluru,231.9,5978,Eco,Fog,Low,51.86,99.73,3889.5,2026-01-09 12:00:00
T000205,D0258,V0179,Bengaluru,Hassan,193.0,4117,Fastest,Cloudy,Medium,13.36,31.53,1416.16,2026-01-09 13:00:00
T000206,D0205,V0068,Hubballi,Mysuru,63.6,1893,Eco,Clear,High,7.62,17.5,807.72,2026-01-09 14:00:00
T000207,D0474,V0148,Hassan,Mysuru,43.6,1967,Fastest,Rain,High,3.76,8.61,398.56,2026-01-09 15:00:00
T000208,D0351,V0096,Belagavi,Tumakuru,68.1,3055,Shortest,Cloudy,Low,4.78,12.92,454.1,2026-01-09 16:00:00
T000209,D0276,V0055,Mysuru,Hassan,168.5,3839,Shortest,Cloudy,High,25.83,70.07,2453.85,2026-01-09 17:00:00
T000210,D0239,V0168,Bengaluru,Hassan,76.2,636,Fastest,Rain,Low,8.17,18.71,866.02,2026-01-09 18:00:00
T000211,D0249,V0153,Hubballi,Mysuru,343.3,9209,Fastest,Clear,Medium,28.43,66.71,3013.58,2026-01-09 19:00:00
T000212,D0321,V0078,Hubballi,Mangaluru,71.8,4369,Shortest,Rain,Medium,6.08,11.78,456.0,2026-01-09 20:00:00
T000213,D0124,V0147,Hubballi,Mangaluru,65.3,3002,Eco,Cloudy,Medium,12.3,23.97,922.5,2026-01-09 21:00:00
T000214,D0466,V0198,Hassan,Belagavi,65.6,2878,Shortest,Cloudy,Medium,10.13,24.23,1073.78,2026-01-09 22:00:00
T000215,D0156,V0114,Mandya,Hubballi,29.7,4985,Fastest,Fog,Medium,2.47,6.5,234.65,2026-01-09 23:00:00
T000216,D0434,V0155,Bengaluru,Hassan,46.2,8180,Shortest,Cloudy,High,9.27,21.42,982.62,2026-01-10 00:00:00
T000217,D0034,V0046,Bengaluru,Hassan,333.6,7697,Shortest,Cloudy,Low,25.37,3.81,228.33,2026-01-10 01:00:00
T000218,D0056,V0116,Mangaluru,Hassan,221.8,7985,Fastest,Clear,High,21.31,40.41,1598.25,2026-01-10 02:00:00
T000219,D0086,V0109,Hassan,Mandya,165.1,5323,Shortest,Rain,Medium,15.13,2.24,136.17,2026-01-10 03:00:00
T000220,D0212,V0083,Mandya,Belagavi,213.2,7887,Fastest,Cloudy,Medium,39.52,72.86,2964.0,2026-01-10 04:00:00
T000221,D0186,V0022,Mandya,Hubballi,262.0,9082,Shortest,Fog,High,33.95,91.15,3225.25,2026-01-10 05:00:00
T000222,D0092,V0197,Mangaluru,Tumakuru,307.5,1340,Eco,Cloudy,Low,20.23,53.38,1921.85,2026-01-10 06:00:00
T000223,D0452,V0127,Tumakuru,Bengaluru,171.4,4397,Fastest,Clear,High,17.78,33.84,1333.5,2026-01-10 07:00:00
T000224,D0075,V0009,Hassan,Bengaluru,81.0,9971,Shortest,Rain,Low,6.99,15.89,740.94,2026-01-10 08:00:00
T000225,D0394,V0077,Mandya,Tumakuru,267.3,5789,Eco,Clear,Low,20.12,37.39,1509.0,2026-01-10 09:00:00
T000226,D0030,V0028,Tumakuru,Mandya,193.9,9861,Shortest,Cloudy,High,29.36,68.14,3112.16,2026-01-10 10:00:00
T000227,D0289,V0128,Tumakuru,Mangaluru,209.8,9014,Shortest,Cloudy,High,57.21,109.03,4290.75,2026-01-10 11:00:00
T000228,D0024,V0086,Mysuru,Hubballi,299.9,6228,Shortest,Fog,Medium,37.11,71.33,2783.25,2026-01-10 12:00:00
T000229,D0371,V0146,Mangaluru,Belagavi,22.0,977,Fastest,Rain,Medium,2.02,0.32,18.18,2026-01-10 13:00:00
T000230,D0029,V0134,Belagavi,Hubballi,197.2,5404,Shortest,Fog,High,38.18,102.89,3627.1,2026-01-10 14:00:00
T000231,D0311,V0100,Tumakuru,Belagavi,30.3,3570,Shortest,Cloudy,High,2.62,5.03,196.5,2026-01-10 15:00:00
T000232,D0155,V0045,Hassan,Mandya,169.1,2338,Eco,Cloudy,High,21.52,40.01,1614.0,2026-01-10 16:00:00
T000233,D0394,V0026,Belagavi,Mangaluru,308.4,8956,Shortest,Rain,Low,23.32,3.41,209.88,2026-01-10 17:00:00
T000234,D0456,V0012,Bengaluru,Hubballi,299.9,2189,Shortest,Rain,Medium,29.97,71.42,3176.82,2026-01-10 18:00:00
T000235,D0077,V0041,Tumakuru,Mangaluru,125.3,4983,Fastest,Clear,Medium,13.4,30.38,1420.4,2026-01-10 19:00:00
T000236,D0228,V0013,Tumakuru,Mangaluru,100.8,2631,Fastest,Rain,High,15.56,35.19,1649.36,2026-01-10 20:00:00
T000237,D0389,V0172,Belagavi,Tumakuru,137.4,9240,Fastest,Cloudy,High,25.54,48.49,1915.5,2026-01-10 21:00:00
T000238,D0201,V0047,Belagavi,Hassan,96.5,5912,Eco,Rain,Medium,14.86,2.22,133.74,2026-01-10 22:00:00
T000239,D0285,V0167,Mandya,Mangaluru,54.0,1662,Eco,Clear,Medium,8.92,20.23,945.52,2026-01-10 23:00:00
T000240,D0404,V0088,Hassan,Belagavi,249.0,9421,Shortest,Fog,High,56.74,151.14,5390.3,2026-01-11 00:00:00
T000241,D0036,V0154,Mangaluru,Tumakuru,52.2,2281,Shortest,Rain,Medium,7.69,18.2,815.14,2026-01-11 01:00:00
T000242,D0316,V0148,Bengaluru,Belagavi,68.4,7826,Fastest,Rain,Medium,5.9,13.41,625.4,2026-01-11 02:00:00
T000243,D0032,V0095,Bengaluru,Mangaluru,345.5,9492,Fastest,Cloudy,Medium,62.98,9.18,566.82,2026-01-11 03:00:00
T000244,D0089,V0122,Mangaluru,Hubballi,146.3,2778,Fastest,Cloudy,High,16.46,44.94,1563.7,2026-01-11 04:00:00
T000245,D0044,V0036,Bengaluru,Mandya,258.0,7313,Eco,Fog,Low,42.18,98.4,4471.08,2026-01-11 05:00:00
T000246,D0256,V0188,Hubballi,Mandya,94.5,4378,Shortest,Clear,High,7.36,16.79,780.16,2026-01-11 06:00:00
T000247,D0375,V0135,Mysuru,Mangaluru,178.9,5078,Eco,Cloudy,High,24.71,64.13,2347.45,2026-01-11 07:00:00
T000248,D0233,V0132,Tumakuru,Mangaluru,37.4,8187,Shortest,Clear,Medium,4.76,0.7,42.84,2026-01-11 08:00:00
T000249,D0150,V0189,Bengaluru,Hubballi,176.1,947,Eco,Clear,High,36.38,69.05,2728.5,2026-01-11 09:00:00
T000250,D0229,V0095,Mysuru,Mangaluru,77.6,3373,Eco,Cloudy,High,14.77,2.27,132.93,2026-01-11 10:00:00
T000251,D0339,V0113,Mandya,Belagavi,183.7,3240,Fastest,Fog,Low,18.73,2.75,168.57,2026-01-11 11:00:00
T000252,D0350,V0181,Belagavi,Mandya,177.2,6890,Eco,Cloudy,Medium,13.45,25.51,1008.75,2026-01-11 12:00:00
T000253,D0471,V0167,Bengaluru,Mysuru,322.8,4966,Eco,Fog,High,83.82,196.24,8884.92,2026-01-11 13:00:00
T000254,D0281,V0003,Hassan,Mangaluru,131.3,638,Fastest,Cloudy,Medium,11.08,28.28,1052.6,2026-01-11 14:00:00
T000255,D0327,V0032,Mysuru,Bengaluru,329.7,2465,Fastest,Cloudy,High,41.04,6.28,369.36,2026-01-11 15:00:00
T000256,D0394,V0110,Tumakuru,Hassan,238.0,5798,Eco,Fog,Medium,39.38,103.04,3741.1,2026-01-11 16:00:00
T000257,D0331,V0126,Belagavi,Bengaluru,182.3,2276,Fastest,Fog,Low,14.25,27.25,1068.75,2026-01-11 17:00:00
T000258,D0328,V0001,Tumakuru,Belagavi,167.1,1119,Shortest,Cloudy,High,34.93,66.69,2619.75,2026-01-11 18:00:00
T000259,D0291,V0138,Mysuru,Mangaluru,94.5,6380,Eco,Fog,Low,16.63,2.55,149.67,2026-01-11 19:00:00
T000260,D0098,V0077,Tumakuru,Hubballi,87.0,6891,Fastest,Fog,High,9.16,17.6,687.0,2026-01-11 20:00:00
T000261,D0274,V0116,Hassan,Tumakuru,148.3,768,Fastest,Rain,Medium,11.33,20.5,849.75,2026-01-11 21:00:00
T000262,D0073,V0126,Mandya,Hubballi,211.2,812,Eco,Clear,High,16.11,30.13,1208.25,2026-01-11 22:00:00
T000263,D0059,V0128,Mysuru,Tumakuru,221.7,4113,Fastest,Clear,Low,40.03,76.27,3002.25,2026-01-11 23:00:00
T000264,D0089,V0086,Mangaluru,Belagavi,338.3,1535,Fastest,Clear,High,31.74,60.07,2380.5,2026-01-12 00:00:00
T000265,D0451,V0125,Mysuru,Belagavi,299.6,1822,Fastest,Cloudy,Low,24.05,56.09,2549.3,2026-01-12 01:00:00
T000266,D0231,V0106,Belagavi,Mangaluru,61.9,4419,Fastest,Rain,High,7.74,1.18,69.66,2026-01-12 02:00:00
T000267,D0049,V0159,Mangaluru,Hassan,21.5,6429,Shortest,Clear,High,2.63,6.15,278.78,2026-01-12 03:00:00
T000268,D0331,V0094,Belagavi,Hassan,78.2,5170,Fastest,Clear,Low,9.05,24.15,859.75,2026-01-12 04:00:00
T000269,D0228,V0152,Bengaluru,Tumakuru,189.9,9998,Eco,Cloudy,High,19.43,35.55,1457.25,2026-01-12 05:00:00
T000270,D0300,V0125,Hubballi,Belagavi,86.0,1390,Eco,Clear,Medium,7.04,16.11,746.24,2026-01-12 06:00:00
T000271,D0070,V0029,Tumakuru,Mysuru,130.8,8127,Eco,Clear,Medium,9.95,1.5,89.55,2026-01-12 07:00:00
T000272,D0243,V0119,Mysuru,Tumakuru,302.8,5073,Fastest,Cloudy,High,29.93,78.46,2843.35,2026-01-12 08:00:00
T000273,D0394,V0130,Bengaluru,Tumakuru,343.5,1050,Eco,Fog,High,73.21,11.12,658.89,2026-01-12 09:00:00
T000274,D0246,V0172,Hubballi,Mysuru,63.8,5494,Fastest,Clear,Low,10.61,20.53,795.75,2026-01-12 10:00:00
T000275,D0325,V0001,Hubballi,Mysuru,280.7,1658,Eco,Fog,High,75.82,144.42,5686.5,2026-01-12 11:00:00
T000276,D0057,V0099,Mangaluru,Hubballi,327.6,6489,Eco,Rain,Low,26.22,56.86,2779.32,2026-01-12 12:00:00
T000277,D0390,V0058,Mysuru,Hubballi,177.9,5750,Eco,Cloudy,High,27.21,71.06,2584.95,2026-01-12 13:00:00
T000278,D0318,V0095,Mysuru,Tumakuru,254.2,1575,Fastest,Rain,Medium,43.62,6.79,392.58,2026-01-12 14:00:00
T000279,D0214,V0175,Mandya,Tumakuru,69.7,9370,Fastest,Clear,Medium,7.2,1.07,64.8,2026-01-12 15:00:00
T000280,D0304,V0171,Mangaluru,Hassan,211.0,9186,Shortest,Rain,Medium,32.41,59.14,2430.75,2026-01-12 16:00:00
T000281,D0474,V0042,Bengaluru,Mandya,136.5,9270,Eco,Cloudy,High,22.89,62.86,2174.55,2026-01-12 17:00:00
T000282,D0163,V0089,Mandya,Tumakuru,105.9,2923,Eco,Clear,High,10.94,1.64,98.46,2026-01-12 18:00:00
T000283,D0362,V0076,Belagavi,Mandya,71.5,8264,Eco,Rain,High,15.41,2.36,138.69,2026-01-12 19:00:00
T000284,D0206,V0159,Belagavi,Bengaluru,66.0,4110,Eco,Rain,Low,7.11,16.52,753.66,2026-01-12 20:00:00
T000285,D0202,V0050,Bengaluru,Mysuru,197.7,8535,Eco,Clear,High,16.64,31.91,1248.0,2026-01-12 21:00:00
T000286,D0373,V0114,Tumakuru,Mandya,135.9,7309,Eco,Clear,Low,9.08,24.51,862.6,2026-01-12 22:00:00
T000287,D0478,V0152,Hassan,Mandya,176.6,6656,Fastest,Rain,Low,16.1,31.02,1207.5,2026-01-12 23:00:00
T000288,D0156,V0127,Tumakuru,Mangaluru,181.9,9663,Shortest,Rain,High,23.36,46.41,1752.0,2026-01-13 00:00:00
T000289,D0062,V0196,Tumakuru,Hassan,79.2,5041,Eco,Cloudy,Low,9.55,26.09,907.25,2026-01-13 01:00:00
T000290,D0298,V0015,Mysuru,Hassan,189.1,2894,Eco,Rain,Low,35.38,65.1,2653.5,2026-01-13 02:00:00
T000291,D0094,V0196,Tumakuru,Mangaluru,230.9,2048,Shortest,Cloudy,High,34.0,91.93,3230.0,2026-01-13 03:00:00
T000292,D0266,V0073,Mysuru,Mangaluru,211.4,6611,Eco,Clear,Low,17.27,40.8,1830.62,2026-01-13 04:00:00
T000293,D0246,V0090,Mysuru,Tumakuru,172.0,5604,Shortest,Cloudy,Low,12.18,28.81,1291.08,2026-01-13 05:00:00
T000294,D0065,V0054,Mysuru,Mandya,62.5,2633,Fastest,Cloudy,Medium,4.88,9.19,366.0,2026-01-13 06:00:00
T000295,D0342,V0003,Bengaluru,Tumakuru,59.2,2081,Fastest,Clear,Medium,5.13,14.07,487.35,2026-01-13 07:00:00
T000296,D0292,V0018,Tumakuru,Mangaluru,134.8,2123,Shortest,Cloudy,High,11.17,26.28,1184.02,2026-01-13 08:00:00
T000297,D0428,V0091,Belagavi,Mandya,250.4,6719,Eco,Clear,Low,23.07,3.64,207.63,2026-01-13 09:00:00
T000298,D0198,V0073,Tumakuru,Mangaluru,258.3,7986,Shortest,Fog,Low,24.81,56.45,2629.86,2026-01-13 10:00:00
T000299,D0054,V0102,Belagavi,Mangaluru,141.3,7677,Shortest,Fog,High,37.76,86.34,4002.56,2026-01-13 11:00:00
T000300,D0120,V0109,Mangaluru,Mysuru,131.7,8677,Eco,Fog,Low,12.85,1.92,115.65,2026-01-13 12:00:00
T000301,D0063,V0065,Hubballi,Hassan,188.8,8517,Eco,Fog,Low,42.58,97.4,4513.48,2026-01-13 13:00:00
T000302,D0339,V0193,Hubballi,Tumakuru,244.1,9018,Eco,Clear,Low,16.36,43.06,1554.2,2026-01-13 14:00:00
T000303,D0437,V0097,Bengaluru,Tumakuru,310.4,7750,Eco,Fog,Medium,68.26,148.97,7235.56,2026-01-13 15:00:00
T000304,D0288,V0041,Belagavi,Hubballi,56.1,8801,Fastest,Fog,Medium,7.61,17.43,806.66,2026-01-13 16:00:00
T000305,D0175,V0098,Bengaluru,Mandya,296.2,2094,Eco,Clear,High,24.4,56.78,2586.4,2026-01-13 17:00:00
T000306,D0167,V0010,Mysuru,Belagavi,120.6,8051,Shortest,Clear,High,16.55,2.46,148.95,2026-01-13 18:00:00
T000307,D0346,V0053,Hubballi,Mandya,208.9,6004,Eco,Clear,High,21.21,3.3,190.89,2026-01-13 19:00:00
T000308,D0153,V0147,Mysuru,Belagavi,300.6,7086,Fastest,Rain,Low,58.98,112.09,4423.5,2026-01-13 20:00:00
T000309,D0412,V0077,Belagavi,Hassan,89.2,7592,Shortest,Rain,High,9.6,18.71,720.0,2026-01-13 21:00:00
T000310,D0480,V0164,Mandya,Mangaluru,184.7,9228,Shortest,Fog,Medium,24.13,3.64,217.17,2026-01-13 22:00:00
T000311,D0164,V0017,Hassan,Mysuru,266.3,3835,Eco,Fog,Medium,34.1,80.07,3614.6,2026-01-13 23:00:00
T000312,D0224,V0109,Bengaluru,Mandya,283.0,1106,Fastest,Fog,High,29.08,4.39,261.72,2026-01-14 00:00:00
T000313,D0462,V0105,Bengaluru,Belagavi,315.8,6454,Shortest,Rain,Low,27.35,4.21,246.15,2026-01-14 01:00:00
T000314,D0169,V0150,Tumakuru,Hassan,311.9,6888,Shortest,Clear,Medium,29.52,4.43,265.68,2026-01-14 02:00:00
T000315,D0280,V0109,Bengaluru,Tumakuru,196.0,8280,Shortest,Clear,Medium,17.86,2.71,160.74,2026-01-14 03:00:00
T000316,D0470,V0172,Bengaluru,Belagavi,264.0,4426,Eco,Clear,High,48.14,92.14,3610.5,2026-01-14 04:00:00
T000317,D0108,V0042,Hubballi,Mandya,119.3,7690,Shortest,Cloudy,Medium,16.92,45.08,1607.4,2026-01-14 05:00:00
T000318,D0358,V0067,Hubballi,Belagavi,129.8,8795,Fastest,Clear,Low,8.23,19.17,872.38,2026-01-14 06:00:00
T000319,D0103,V0161,Mandya,Hubballi,166.3,5506,Eco,Clear,Medium,17.97,35.67,1347.75,2026-01-14 07:00:00
T000320,D0352,V0152,Mangaluru,Hassan,177.9,5867,Eco,Rain,Low,15.29,28.89,1146.75,2026-01-14 08:00:00
T000321,D0206,V0159,Hassan,Bengaluru,341.5,7527,Shortest,Cloudy,Low,36.93,86.02,3914.58,2026-01-14 09:00:00
T000322,D0485,V0069,Belagavi,Hubballi,242.3,5217,Shortest,Cloudy,Low,42.15,82.1,3161.25,2026-01-14 10:00:00
T000323,D0317,V0116,Mandya,Tumakuru,281.5,4568,Eco,Rain,Low,22.65,44.02,1698.75,2026-01-14 11:00:00
T000324,D0286,V0016,Hubballi,Mangaluru,159.7,1353,Eco,Clear,Low,24.89,3.73,224.01,2026-01-14 12:00:00
T000325,D0022,V0149,Hubballi,Mandya,342.6,3438,Eco,Cloudy,High,80.21,145.13,6015.75,2026-01-14 13:00:00
T000326,D0185,V0111,Mangaluru,Bengaluru,342.9,5135,Eco,Rain,High,55.16,128.74,5846.96,2026-01-14 14:00:00
T000327,D0097,V0039,Mandya,Mangaluru,301.5,1394,Fastest,Fog,Low,28.56,51.86,2142.0,2026-01-14 15:00:00
T000328,D0179,V0024,Belagavi,Hassan,182.7,3837,Eco,Cloudy,Low,17.11,33.46,1283.25,2026-01-14 16:00:00
T000329,D0049,V0085,Mandya,Tumakuru,323.7,925,Eco,Fog,High,32.47,75.26,3441.82,2026-01-14 17:00:00
T000330,D0337,V0002,Belagavi,Hubballi,253.5,5897,Fastest,Rain,High,27.22,64.14,2885.32,2026-01-14 18:00:00
T000331,D0205,V0066,Tumakuru,Mandya,283.4,3416,Fastest,Fog,Low,26.31,3.88,236.79,2026-01-14 19:00:00
T000332,D0309,V0034,Mandya,Bengaluru,118.5,6382,Shortest,Rain,High,15.7,28.9,1177.5,2026-01-14 20:00:00
T000333,D0323,V0110,Mysuru,Belagavi,159.4,2022,Fastest,Cloudy,Medium,19.24,51.83,1827.8,2026-01-14 21:00:00
T000334,D0077,V0033,Mysuru,Hassan,174.5,5421,Fastest,Fog,Medium,19.7,2.95,177.3,2026-01-14 22:00:00
T000335,D0131,V0150,Mysuru,Tumakuru,238.1,1839,Shortest,Rain,Medium,22.63,3.36,203.67,2026-01-14 23:00:00
T000336,D0414,V0068,Tumakuru,Mandya,213.8,6092,Fastest,Fog,High,31.75,73.47,3365.5,2026-01-15 00:00:00
T000337,D0317,V0158,Mandya,Hubballi,177.4,6410,Shortest,Fog,Medium,14.72,29.52,1104.0,2026-01-15 01:00:00
T000338,D0124,V0112,Hassan,Belagavi,28.8,9324,Fastest,Cloudy,High,2.39,0.36,21.51,2026-01-15 02:00:00
T000339,D0151,V0146,Belagavi,Hassan,26.5,6918,Fastest,Cloudy,Low,2.44,0.37,21.96,2026-01-15 03:00:00
T000340,D0366,V0016,Tumakuru,Bengaluru,180.9,9155,Fastest,Fog,Low,39.25,5.99,353.25,2026-01-15 04:00:00
T000341,D0099,V0121,Mangaluru,Hassan,250.2,6133,Eco,Rain,High,26.04,71.85,2473.8,2026-01-15 05:00:00
T000342,D0410,V0042,Hubballi,Hassan,294.9,3894,Eco,Rain,Medium,41.9,111.87,3980.5,2026-01-15 06:00:00
T000343,D0452,V0067,Belagavi,Mandya,97.5,6349,Shortest,Clear,Medium,6.61,14.64,700.66,2026-01-15 07:00:00
T000344,D0394,V0012,Mysuru,Mangaluru,94.0,9626,Eco,Rain,Medium,10.62,24.44,1125.72,2026-01-15 08:00:00
T000345,D0022,V0130,Mysuru,Bengaluru,277.9,2227,Fastest,Clear,High,54.67,8.33,492.03,2026-01-15 09:00:00
T000346,D0435,V0052,Mysuru,Mandya,233.5,7694,Eco,Cloudy,Low,39.76,90.06,4214.56,2026-01-15 10:00:00
T000347,D0071,V0110,Hubballi,Mandya,227.7,7273,Eco,Fog,Low,32.82,87.65,3117.9,2026-01-15 11:00:00
T000348,D0032,V0101,Mysuru,Bengaluru,131.6,1107,Shortest,Cloudy,Medium,10.29,19.28,771.75,2026-01-15 12:00:00
T000349,D0461,V0136,Tumakuru,Hubballi,265.1,2906,Shortest,Clear,Medium,21.5,3.32,193.5,2026-01-15 13:00:00
T000350,D0172,V0100,Hubballi,Belagavi,85.1,2564,Shortest,Clear,High,7.61,14.68,570.75,2026-01-15 14:00:00
T000351,D0217,V0130,Bengaluru,Belagavi,198.2,2309,Shortest,Rain,High,41.34,6.28,372.06,2026-01-15 15:00:00
T000352,D0154,V0073,Bengaluru,Tumakuru,131.9,9884,Shortest,Cloudy,Medium,13.03,30.47,1381.18,2026-01-15 16:00:00
T000353,D0218,V0034,Mandya,Hubballi,160.5,8302,Fastest,Clear,Low,15.46,29.35,1159.5,2026-01-15 17:00:00
T000354,D0074,V0130,Hubballi,Hassan,247.4,2582,Eco,Fog,Low,45.75,6.89,411.75,2026-01-15 18:00:00
T000355,D0062,V0095,Mandya,Mangaluru,141.9,9867,Eco,Fog,Low,30.46,4.46,274.14,2026-01-15 19:00:00
T000356,D0094,V0190,Hubballi,Bengaluru,329.2,8508,Fastest,Rain,Low,29.44,75.45,2796.8,2026-01-15 20:00:00
T000357,D0259,V0163,Hubballi,Hassan,295.4,8051,Eco,Cloudy,Low,27.87,74.92,2647.65,2026-01-15 21:00:00
T000358,D0143,V0166,Mangaluru,Tumakuru,35.1,1950,Fastest,Fog,High,4.67,12.6,443.65,2026-01-15 22:00:00
T000359,D0338,V0137,Bengaluru,Mangaluru,192.2,3444,Fastest,Clear,Low,14.99,35.46,1588.94,2026-01-15 23:00:00
T000360,D0132,V0024,Bengaluru,Hassan,164.2,2378,Fastest,Rain,Medium,16.83,32.98,1262.25,2026-01-16 00:00:00
T000361,D0164,V0037,Mangaluru,Mysuru,29.0,7263,Eco,Fog,Low,4.84,13.38,459.8,2026-01-16 01:00:00
T000362,D0248,V0008,Hubballi,Bengaluru,108.9,7176,Shortest,Fog,Low,9.03,23.72,857.85,2026-01-16 02:00:00
T000363,D0192,V0139,Mandya,Hassan,207.5,3255,Fastest,Cloudy,Low,36.62,69.09,2746.5,2026-01-16 03:00:00
T000364,D0195,V0090,Bengaluru,Mysuru,328.1,3985,Shortest,Rain,High,27.03,63.04,2865.18,2026-01-16 04:00:00
T000365,D0313,V0130,Mandya,Hubballi,203.6,5715,Shortest,Fog,Low,37.91,5.97,341.19,2026-01-16 05:00:00
T000366,D0244,V0002,Mangaluru,Bengaluru,321.6,656,Shortest,Clear,High,30.66,72.92,3249.96,2026-01-16 06:00:00
T000367,D0064,V0091,Mysuru,Mangaluru,30.2,6666,Shortest,Fog,High,3.82,0.59,34.38,2026-01-16 07:00:00
T000368,D0047,V0158,Bengaluru,Belagavi,112.8,5467,Shortest,Rain,Low,7.97,15.03,597.75,2026-01-16 08:00:00
T000369,D0283,V0050,Hubballi,Bengaluru,307.1,9768,Shortest,Fog,Low,27.03,50.45,2027.25,2026-01-16 09:00:00
T000370,D0287,V0117,Tumakuru,Mysuru,299.7,532,Eco,Rain,High,43.4,118.15,4123.0,2026-01-16 10:00:00
T000371,D0143,V0108,Belagavi,Hassan,139.3,9223,Eco,Cloudy,Low,10.73,1.57,96.57,2026-01-16 11:00:00
T000372,D0246,V0111,Hassan,Mysuru,74.3,893,Shortest,Clear,Low,8.51,19.56,902.06,2026-01-16 12:00:00
T000373,D0321,V0115,Mangaluru,Tumakuru,282.1,9985,Fastest,Fog,Low,37.4,5.6,336.6,2026-01-16 13:00:00
T000374,D0347,V0015,Belagavi,Bengaluru,119.5,9662,Fastest,Clear,Low,23.98,47.01,1798.5,2026-01-16 14:00:00
T000375,D0265,V0085,Hubballi,Tumakuru,224.3,3653,Fastest,Clear,Medium,18.97,43.51,2010.82,2026-01-16 15:00:00
T000376,D0409,V0012,Hubballi,Hassan,259.1,1491,Fastest,Cloudy,Low,22.57,49.59,2392.42,2026-01-16 16:00:00
T000377,D0122,V0130,Mangaluru,Mandya,141.7,9666,Fastest,Cloudy,Low,24.42,3.7,219.78,2026-01-16 17:00:00
T000378,D0154,V0108,Belagavi,Tumakuru,248.5,5884,Fastest,Rain,High,21.5,3.18,193.5,2026-01-16 18:00:00
T000379,D0193,V0053,Belagavi,Tumakuru,90.3,7058,Fastest,Rain,High,11.31,1.7,101.79,2026-01-16 19:00:00
T000380,D0113,V0068,Mangaluru,Bengaluru,341.9,3355,Eco,Rain,Low,37.96,87.54,4023.76,2026-01-16 20:00:00
T000381,D0234,V0062,Hubballi,Mangaluru,279.8,6556,Eco,Cloudy,Medium,23.01,3.43,207.09,2026-01-16 21:00:00
T000382,D0307,V0110,Mandya,Belagavi,82.6,4506,Fastest,Rain,Medium,13.17,35.85,1251.15,2026-01-16 22:00:00
T000383,D0373,V0021,Tumakuru,Belagavi,61.7,8211,Shortest,Fog,Low,6.55,12.06,491.25,2026-01-16 23:00:00
T000384,D0138,V0149,Mangaluru,Tumakuru,249.2,7069,Shortest,Fog,Medium,52.96,99.58,3972.0,2026-01-17 00:00:00
T000385,D0282,V0022,Hubballi,Hassan,208.6,2700,Fastest,Rain,Medium,18.81,51.1,1786.95,2026-01-17 01:00:00
T000386,D0092,V0114,Hubballi,Mandya,285.5,4330,Eco,Fog,Low,21.26,56.28,2019.7,2026-01-17 02:00:00
T000387,D0101,V0173,Mysuru,Bengaluru,43.5,5894,Eco,Cloudy,Medium,5.53,10.17,414.75,2026-01-17 03:00:00
T000388,D0485,V0104,Tumakuru,Bengaluru,274.1,694,Eco,Rain,Medium,28.95,4.4,260.55,2026-01-17 04:00:00
T000389,D0434,V0049,Belagavi,Mangaluru,288.8,7525,Shortest,Clear,Medium,33.13,78.25,3511.78,2026-01-17 05:00:00
T000390,D0276,V0077,Mangaluru,Mandya,94.4,5842,Shortest,Fog,High,9.6,18.22,720.0,2026-01-17 06:00:00
T000391,D0244,V0028,Hubballi,Hassan,87.4,5887,Shortest,Fog,Low,10.33,22.93,1094.98,2026-01-17 07:00:00
T000392,D0106,V0060,Belagavi,Bengaluru,81.6,5269,Shortest,Fog,Medium,10.15,1.54,91.35,2026-01-17 08:00:00
T000393,D0446,V0053,Hubballi,Hassan,265.2,5575,Eco,Cloudy,Low,22.37,3.24,201.33,2026-01-17 09:00:00
T000394,D0310,V0064,Tumakuru,Mysuru,22.5,9115,Eco,Clear,Medium,1.76,4.75,167.2,2026-01-17 10:00:00
T000395,D0314,V0045,Belagavi,Mandya,251.1,7300,Fastest,Rain,Medium,35.05,65.41,2628.75,2026-01-17 11:00:00
T000396,D0470,V0018,Bengaluru,Mandya,312.2,4059,Eco,Rain,High,30.8,69.5,3264.8,2026-01-17 12:00:00
T000397,D0038,V0164,Belagavi,Mysuru,103.4,8067,Eco,Fog,Low,11.98,1.78,107.82,2026-01-17 13:00:00
T000398,D0487,V0113,Belagavi,Hassan,172.2,2797,Eco,Cloudy,High,19.05,2.85,171.45,2026-01-17 14:00:00
T000399,D0226,V0092,Mandya,Bengaluru,241.6,3415,Fastest,Rain,Low,33.98,63.73,2548.5,2026-01-17 15:00:00
T000400,D0396,V0097,Mysuru,Tumakuru,247.8,3805,Fastest,Clear,Low,37.54,87.74,3979.24,2026-01-17 16:00:00
T000401,D0086,V0012,Mysuru,Mandya,336.4,7310,Shortest,Cloudy,High,38.64,88.46,4095.84,2026-01-17 17:00:00
T000402,D0200,V0055,Mysuru,Hassan,126.7,8016,Fastest,Rain,Low,20.03,54.73,1902.85,2026-01-17 18:00:00
T000403,D0492,V0025,Belagavi,Bengaluru,255.1,5814,Shortest,Cloudy,Medium,21.57,3.25,194.13,2026-01-17 19:00:00
T000404,D0301,V0181,Bengaluru,Mangaluru,321.0,717,Fastest,Cloudy,High,24.31,45.54,1823.25,2026-01-17 20:00:00
T000405,D0020,V0061,Mangaluru,Hassan,117.9,7770,Shortest,Cloudy,High,26.12,59.29,2768.72,2026-01-17 21:00:00
T000406,D0277,V0014,Bengaluru,Mandya,299.5,4568,Shortest,Cloudy,Low,55.45,123.87,5877.7,2026-01-17 22:00:00
T000407,D0065,V0024,Belagavi,Bengaluru,334.7,3345,Shortest,Cloudy,Low,30.59,58.46,2294.25,2026-01-17 23:00:00
T000408,D0230,V0163,Hassan,Tumakuru,78.2,3799,Eco,Rain,High,9.93,26.42,943.35,2026-01-18 00:00:00
T000409,D0391,V0098,Hubballi,Belagavi,71.4,7502,Fastest,Fog,Low,6.08,13.38,644.48,2026-01-18 01:00:00
T000410,D0070,V0184,Belagavi,Mandya,143.8,8188,Fastest,Clear,Medium,13.06,1.94,117.54,2026-01-18 02:00:00
T000411,D0454,V0010,Mangaluru,Hassan,181.6,2539,Eco,Clear,Medium,20.06,2.95,180.54,2026-01-18 03:00:00
T000412,D0127,V0063,Mangaluru,Hubballi,39.0,8327,Fastest,Fog,High,4.34,0.67,39.06,2026-01-18 04:00:00
T000413,D0060,V0198,Mandya,Hassan,101.6,2012,Shortest,Cloudy,Low,13.97,31.17,1480.82,2026-01-18 05:00:00
T000414,D0158,V0188,Tumakuru,Hubballi,119.7,7243,Shortest,Fog,High,12.43,27.89,1317.58,2026-01-18 06:00:00
T000415,D0214,V0135,Bengaluru,Mandya,289.4,7329,Shortest,Clear,High,41.35,113.28,3928.25,2026-01-18 07:00:00
T000416,D0384,V0047,Mysuru,Tumakuru,207.1,3643,Eco,Cloudy,Low,26.31,4.05,236.79,2026-01-18 08:00:00
T000417,D0249,V0173,Mysuru,Hassan,41.2,2151,Fastest,Cloudy,Medium,5.11,9.56,383.25,2026-01-18 09:00:00
T000418,D0243,V0194,Bengaluru,Tumakuru,219.0,6021,Shortest,Rain,Medium,18.32,34.37,1374.0,2026-01-18 10:00:00
T000419,D0446,V0179,Bengaluru,Hassan,308.1,7083,Shortest,Clear,Medium,23.05,53.9,2443.3,2026-01-18 11:00:00
T000420,D0212,V0170,Mangaluru,Hassan,224.1,3579,Fastest,Fog,High,61.92,112.17,4644.0,2026-01-18 12:00:00
T000421,D0220,V0122,Hassan,Mangaluru,179.9,2145,Shortest,Clear,Medium,18.51,47.76,1758.45,2026-01-18 13:00:00
T000422,D0459,V0115,Mysuru,Hassan,294.7,2395,Eco,Fog,Low,31.8,4.74,286.2,2026-01-18 14:00:00
T000423,D0244,V0172,Mangaluru,Hassan,272.9,2516,Shortest,Rain,High,53.26,104.33,3994.5,2026-01-18 15:00:00
T000424,D0329,V0144,Mysuru,Hubballi,133.3,7659,Fastest,Fog,High,20.69,54.97,1965.55,2026-01-18 16:00:00
T000425,D0032,V0152,Mandya,Belagavi,123.4,9275,Fastest,Clear,Medium,10.5,19.99,787.5,2026-01-18 17:00:00
T000426,D0075,V0076,Hassan,Bengaluru,150.5,4086,Eco,Fog,Medium,29.04,4.45,261.36,2026-01-18 18:00:00
T000427,D0425,V0056,Mysuru,Hassan,349.0,8610,Eco,Fog,High,57.32,160.09,5445.4,2026-01-18 19:00:00
T000428,D0418,V0169,Bengaluru,Belagavi,276.1,3108,Fastest,Fog,Medium,25.78,3.82,232.02,2026-01-18 20:00:00
T000429,D0068,V0083,Tumakuru,Hubballi,324.6,1386,Shortest,Fog,Low,51.64,98.08,3873.0,2026-01-18 21:00:00
T000430,D0403,V0038,Hassan,Hubballi,234.9,6669,Eco,Clear,High,26.19,72.75,2488.05,2026-01-18 22:00:00
T000431,D0018,V0031,Mangaluru,Tumakuru,163.2,4446,Eco,Fog,Low,11.46,29.78,1088.7,2026-01-18 23:00:00
T000432,D0060,V0022,Hubballi,Mandya,228.7,2499,Eco,Clear,Low,18.51,50.63,1758.45,2026-01-19 00:00:00
T000433,D0293,V0033,Mandya,Tumakuru,179.8,2129,Eco,Fog,Medium,20.49,3.01,184.41,2026-01-19 01:00:00
T000434,D0495,V0169,Belagavi,Bengaluru,191.2,2422,Fastest,Clear,Low,11.98,1.8,107.82,2026-01-19 02:00:00
T000435,D0064,V0130,Mandya,Bengaluru,205.6,5391,Eco,Clear,Low,33.76,5.04,303.84,2026-01-19 03:00:00
T000436,D0276,V0131,Belagavi,Mysuru,210.4,3938,Shortest,Rain,High,21.33,56.07,2026.35,2026-01-19 04:00:00
T000437,D0131,V0067,Mangaluru,Mandya,62.4,6755,Shortest,Clear,High,4.67,10.58,495.02,2026-01-19 05:00:00
T000438,D0337,V0166,Tumakuru,Hubballi,249.9,8879,Shortest,Rain,High,35.32,95.18,3355.4,2026-01-19 06:00:00
T000439,D0466,V0086,Mysuru,Hubballi,201.0,4976,Fastest,Clear,Medium,19.15,37.11,1436.25,2026-01-19 07:00:00
T000440,D0271,V0090,Mysuru,Mandya,193.7,9874,Eco,Fog,Low,15.98,36.82,1693.88,2026-01-19 08:00:00
T000441,D0065,V0037,Hubballi,Hassan,215.5,6706,Shortest,Cloudy,High,38.39,103.03,3647.05,2026-01-19 09:00:00
T000442,D0147,V0071,Belagavi,Mysuru,164.9,7508,Shortest,Fog,High,19.46,37.4,1459.5,2026-01-19 10:00:00
T000443,D0295,V0015,Mysuru,Hubballi,46.2,1885,Shortest,Clear,Low,7.7,14.35,577.5,2026-01-19 11:00:00
T000444,D0218,V0180,Mysuru,Tumakuru,24.6,9254,Shortest,Clear,High,2.44,4.7,183.0,2026-01-19 12:00:00
T000445,D0217,V0127,Hassan,Mysuru,44.8,6711,Fastest,Rain,Low,4.35,8.4,326.25,2026-01-19 13:00:00
T000446,D0473,V0079,Tumakuru,Mysuru,20.7,8946,Fastest,Fog,Low,1.62,0.26,14.58,2026-01-19 14:00:00
T000447,D0052,V0111,Bengaluru,Hassan,313.8,8561,Fastest,Rain,Low,44.07,101.04,4671.42,2026-01-19 15:00:00
T000448,D0275,V0069,Hassan,Tumakuru,150.5,2280,Eco,Fog,Low,28.56,53.77,2142.0,2026-01-19 16:00:00
T000449,D0083,V0171,Tumakuru,Bengaluru,64.1,3760,Eco,Rain,Low,8.68,16.75,651.0,2026-01-19 17:00:00
T000450,D0057,V0028,Hubballi,Tumakuru,259.6,846,Fastest,Fog,Low,31.45,73.84,3333.7,2026-01-19 18:00:00
T000451,D0317,V0040,Hubballi,Hassan,115.5,8876,Fastest,Fog,Low,9.43,1.4,84.87,2026-01-19 19:00:00
T000452,D0323,V0163,Mysuru,Hubballi,261.1,2936,Fastest,Cloudy,High,29.54,78.53,2806.3,2026-01-19 20:00:00
T000453,D0173,V0110,Hubballi,Tumakuru,121.1,8351,Fastest,Cloudy,Low,16.89,45.76,1604.55,2026-01-19 21:00:00
T000454,D0147,V0121,Bengaluru,Mandya,33.5,5090,Shortest,Rain,Low,3.35,8.83,318.25,2026-01-19 22:00:00
T000455,D0333,V0071,Mandya,Hassan,139.0,3941,Shortest,Rain,Low,11.55,21.76,866.25,2026-01-19 23:00:00
T000456,D0317,V0088,Hassan,Mysuru,252.5,5439,Shortest,Clear,High,46.95,126.05,4460.25,2026-01-20 00:00:00
T000457,D0248,V0108,Mangaluru,Mandya,168.0,9081,Shortest,Fog,Low,15.34,2.35,138.06,2026-01-20 01:00:00
T000458,D0225,V0193,Hubballi,Hassan,245.9,8844,Eco,Clear,Low,16.96,44.9,1611.2,2026-01-20 02:00:00
T000459,D0437,V0057,Bengaluru,Belagavi,189.2,5355,Shortest,Rain,Medium,33.5,4.84,301.5,2026-01-20 03:00:00
T000460,D0274,V0030,Tumakuru,Mysuru,109.2,522,Shortest,Cloudy,Low,16.08,2.32,144.72,2026-01-20 04:00:00
T000461,D0113,V0188,Tumakuru,Mandya,345.1,5082,Fastest,Clear,Medium,25.85,58.21,2740.1,2026-01-20 05:00:00
T000462,D0323,V0193,Hassan,Belagavi,165.9,6979,Fastest,Cloudy,High,14.39,37.55,1367.05,2026-01-20 06:00:00
T000463,D0145,V0006,Mandya,Mysuru,208.0,5581,Fastest,Cloudy,High,38.33,5.73,344.97,2026-01-20 07:00:00
T000464,D0052,V0097,Hubballi,Bengaluru,259.0,6791,Fastest,Clear,High,47.39,106.87,5023.34,2026-01-20 08:00:00
T000465,D0377,V0087,Bengaluru,Belagavi,338.9,1892,Fastest,Clear,High,23.82,62.94,2262.9,2026-01-20 09:00:00
T000466,D0279,V0076,Tumakuru,Hubballi,199.4,2180,Shortest,Clear,Low,26.95,3.98,242.55,2026-01-20 10:00:00
T000467,D0087,V0029,Hassan,Hubballi,147.0,4178,Fastest,Clear,Medium,10.66,1.58,95.94,2026-01-20 11:00:00
T000468,D0458,V0171,Hubballi,Tumakuru,130.5,5440,Shortest,Fog,Low,19.75,38.52,1481.25,2026-01-20 12:00:00
T000469,D0076,V0100,Bengaluru,Belagavi,327.9,7818,Shortest,Cloudy,Medium,29.24,56.29,2193.0,2026-01-20 13:00:00
T000470,D0356,V0106,Mandya,Belagavi,147.1,5963,Fastest,Fog,Medium,16.4,2.46,147.6,2026-01-20 14:00:00
T000471,D0045,V0061,Hubballi,Bengaluru,211.7,6426,Fastest,Cloudy,High,45.09,103.2,4779.54,2026-01-20 15:00:00
T000472,D0108,V0058,Mandya,Hassan,171.9,1415,Shortest,Fog,Low,22.59,60.02,2146.05,2026-01-20 16:00:00
T000473,D0188,V0037,Mysuru,Tumakuru,296.4,1794,Fastest,Clear,Low,37.18,100.3,3532.1,2026-01-20 17:00:00
T000474,D0057,V0040,Tumakuru,Hassan,155.8,1483,Shortest,Clear,Medium,10.03,1.52,90.27,2026-01-20 18:00:00
T000475,D0140,V0024,Tumakuru,Mangaluru,185.6,9044,Eco,Fog,Low,21.55,40.2,1616.25,2026-01-20 19:00:00
T000476,D0085,V0014,Mysuru,Belagavi,248.5,6586,Shortest,Fog,Medium,59.22,136.9,6277.32,2026-01-20 20:00:00
T000477,D0283,V0052,Mysuru,Bengaluru,89.9,1030,Fastest,Rain,Low,15.54,34.44,1647.24,2026-01-20 21:00:00
T000478,D0100,V0081,Tumakuru,Bengaluru,343.6,6900,Shortest,Fog,High,37.7,101.46,3581.5,2026-01-20 22:00:00
T000479,D0083,V0039,Mandya,Bengaluru,213.8,8087,Fastest,Clear,Medium,23.86,46.03,1789.5,2026-01-20 23:00:00
T000480,D0439,V0111,Mangaluru,Hassan,279.2,1155,Shortest,Rain,High,45.44,104.38,4816.64,2026-01-21 00:00:00
T000481,D0049,V0117,Bengaluru,Mandya,272.9,5639,Fastest,Clear,Medium,35.44,98.43,3366.8,2026-01-21 01:00:00
T000482,D0474,V0036,Tumakuru,Hassan,342.9,2531,Shortest,Fog,High,66.62,151.18,7061.72,2026-01-21 02:00:00
T000483,D0450,V0175,Mangaluru,Mandya,47.6,1199,Shortest,Fog,Medium,4.59,0.69,41.31,2026-01-21 03:00:00
T000484,D0448,V0119,Hubballi,Mysuru,208.1,2031,Eco,Cloudy,Medium,16.96,45.42,1611.2,2026-01-21 04:00:00
T000485,D0360,V0190,Hubballi,Mandya,41.3,8302,Fastest,Fog,Low,3.85,10.3,365.75,2026-01-21 05:00:00
T000486,D0110,V0014,Hubballi,Bengaluru,329.0,3965,Fastest,Fog,Medium,74.96,172.76,7945.76,2026-01-21 06:00:00
T000487,D0458,V0067,Tumakuru,Belagavi,255.0,3515,Fastest,Cloudy,High,18.34,42.46,1944.04,2026-01-21 07:00:00
T000488,D0288,V0153,Mandya,Hubballi,164.1,3753,Fastest,Fog,Low,12.68,29.79,1344.08,2026-01-21 08:00:00
T000489,D0267,V0185,Mandya,Tumakuru,305.2,560,Eco,Fog,Medium,39.24,93.14,4159.44,2026-01-21 09:00:00
T000490,D0179,V0054,Hubballi,Mangaluru,200.2,3631,Shortest,Fog,Low,19.07,36.23,1430.25,2026-01-21 10:00:00
T000491,D0425,V0139,Belagavi,Mangaluru,349.7,7477,Shortest,Rain,Medium,79.76,154.02,5982.0,2026-01-21 11:00:00
T000492,D0146,V0180,Hubballi,Hassan,114.1,2125,Fastest,Fog,High,11.72,21.96,879.0,2026-01-21 12:00:00
T000493,D0149,V0108,Mysuru,Hubballi,166.6,3971,Fastest,Clear,High,13.4,2.04,120.6,2026-01-21 13:00:00
T000494,D0451,V0169,Hubballi,Bengaluru,330.1,4833,Eco,Rain,Medium,28.44,4.2,255.96,2026-01-21 14:00:00
T000495,D0088,V0147,Mangaluru,Belagavi,289.5,7545,Fastest,Rain,Medium,57.97,112.55,4347.75,2026-01-21 15:00:00
T000496,D0051,V0182,Mandya,Tumakuru,318.4,2569,Shortest,Fog,Low,54.49,8.53,490.41,2026-01-21 16:00:00
T000497,D0317,V0182,Bengaluru,Tumakuru,23.8,9407,Fastest,Cloudy,Low,3.58,0.54,32.22,2026-01-21 17:00:00
T000498,D0338,V0014,Hassan,Mandya,84.0,5005,Fastest,Fog,Medium,19.4,42.85,2056.4,2026-01-21 18:00:00
T000499,D0052,V0126,Mandya,Bengaluru,45.5,859,Eco,Cloudy,Medium,2.97,5.58,222.75,2026-01-21 19:00:00
T000500,D0500,V0088,Mandya,Hassan,23.3,6181,Eco,Clear,Low,3.36,9.23,319.2,2026-01-21 20:00:00
T000501,D0461,V0056,Bengaluru,Mangaluru,188.9,983,Eco,Rain,Low,20.94,56.74,1989.3,2026-01-21 21:00:00
T000502,D0129,V0045,Tumakuru,Hassan,265.9,3742,Shortest,Fog,Low,34.35,65.59,2576.25,2026-01-21 22:00:00
T000503,D0319,V0028,Belagavi,Hassan,311.3,6775,Eco,Rain,Medium,41.1,96.86,4356.6,2026-01-21 23:00:00
T000504,D0016,V0030,Tumakuru,Mangaluru,292.8,3447,Eco,Rain,Medium,52.05,7.88,468.45,2026-01-22 00:00:00
T000505,D0291,V0083,Bengaluru,Hassan,247.1,4311,Shortest,Cloudy,Medium,39.41,76.7,2955.75,2026-01-22 01:00:00
T000506,D0417,V0082,Mysuru,Mangaluru,314.6,3746,Fastest,Fog,Medium,38.29,104.5,3637.55,2026-01-22 02:00:00
T000507,D0146,V0034,Hubballi,Mysuru,210.2,7099,Fastest,Clear,Medium,24.44,47.85,1833.0,2026-01-22 03:00:00
T000508,D0397,V0081,Tumakuru,Mandya,124.7,8590,Shortest,Clear,High,12.4,33.47,1178.0,2026-01-22 04:00:00
T000509,D0371,V0112,Hassan,Bengaluru,292.4,4208,Fastest,Rain,High,23.15,3.54,208.35,2026-01-22 05:00:00
T000510,D0314,V0098,Mysuru,Bengaluru,332.6,4922,Shortest,Rain,High,34.31,78.77,3636.86,2026-01-22 06:00:00
T000511,D0245,V0170,Hubballi,Mangaluru,167.4,8529,Eco,Cloudy,High,36.05,67.67,2703.75,2026-01-22 07:00:00
T000512,D0498,V0127,Hassan,Hubballi,233.6,1487,Fastest,Clear,Low,18.4,36.15,1380.0,2026-01-22 08:00:00
T000513,D0055,V0034,Mangaluru,Belagavi,331.6,4084,Eco,Cloudy,High,37.2,70.99,2790.0,2026-01-22 09:00:00
T000514,D0382,V0029,Tumakuru,Belagavi,210.5,4441,Fastest,Fog,Low,16.73,2.55,150.57,2026-01-22 10:00:00
T000515,D0171,V0014,Mysuru,Hassan,162.4,7730,Eco,Fog,High,46.49,107.66,4927.94,2026-01-22 11:00:00
T000516,D0113,V0030,Belagavi,Tumakuru,163.1,1370,Fastest,Cloudy,Low,25.01,3.71,225.09,2026-01-22 12:00:00
T000517,D0148,V0181,Tumakuru,Hassan,87.9,5218,Shortest,Rain,High,7.97,15.15,597.75,2026-01-22 13:00:00
T000518,D0342,V0122,Mysuru,Mandya,81.8,7511,Eco,Cloudy,Low,8.31,22.91,789.45,2026-01-22 14:00:00
T000519,D0291,V0175,Bengaluru,Tumakuru,308.2,5262,Fastest,Clear,Low,26.59,4.03,239.31,2026-01-22 15:00:00
T000520,D0155,V0182,Tumakuru,Hubballi,180.5,5967,Shortest,Clear,Medium,32.86,4.76,295.74,2026-01-22 16:00:00
T000521,D0016,V0063,Hubballi,Belagavi,92.7,9963,Shortest,Rain,Medium,9.52,1.42,85.68,2026-01-22 17:00:00
T000522,D0201,V0151,Belagavi,Tumakuru,77.7,7336,Eco,Rain,Medium,6.63,1.03,59.67,2026-01-22 18:00:00
T000523,D0349,V0039,Mangaluru,Mandya,56.4,9071,Eco,Cloudy,Medium,6.84,12.94,513.0,2026-01-22 19:00:00
T000524,D0221,V0091,Tumakuru,Belagavi,215.7,510,Fastest,Rain,Low,18.0,2.6,162.0,2026-01-22 20:00:00
T000525,D0243,V0091,Hassan,Tumakuru,213.1,4575,Shortest,Cloudy,Low,19.74,3.07,177.66,2026-01-22 21:00:00
T000526,D0070,V0107,Mangaluru,Belagavi,210.8,9581,Fastest,Cloudy,Medium,25.06,48.26,1879.5,2026-01-22 22:00:00
T000527,D0182,V0110,Mysuru,Mandya,193.8,8143,Eco,Rain,Medium,31.08,83.18,2952.6,2026-01-22 23:00:00
T000528,D0279,V0145,Tumakuru,Belagavi,100.1,5306,Fastest,Cloudy,High,13.67,36.36,1298.65,2026-01-23 00:00:00
T000529,D0050,V0075,Bengaluru,Hassan,293.9,9764,Eco,Rain,High,70.4,166.14,7462.4,2026-01-23 01:00:00
T000530,D0322,V0080,Belagavi,Mysuru,93.8,605,Eco,Cloudy,Medium,6.4,0.95,57.6,2026-01-23 02:00:00
T000531,D0475,V0032,Mysuru,Tumakuru,28.1,5413,Eco,Fog,Low,3.68,0.56,33.12,2026-01-23 03:00:00
T000532,D0262,V0190,Mandya,Hubballi,27.1,9456,Fastest,Cloudy,Low,2.18,5.91,207.1,2026-01-23 04:00:00
T000533,D0235,V0031,Mysuru,Tumakuru,157.6,9744,Eco,Clear,Medium,11.83,31.86,1123.85,2026-01-23 05:00:00
T000534,D0463,V0181,Belagavi,Mandya,23.0,9102,Eco,Cloudy,Medium,1.81,3.45,135.75,2026-01-23 06:00:00
T000535,D0470,V0166,Mandya,Hassan,279.0,8425,Eco,Fog,Low,33.35,89.07,3168.25,2026-01-23 07:00:00
T000536,D0437,V0188,Mangaluru,Tumakuru,223.8,3107,Fastest,Clear,Low,15.17,35.78,1608.02,2026-01-23 08:00:00
T000537,D0473,V0017,Hassan,Bengaluru,316.9,1514,Shortest,Fog,Medium,36.56,82.99,3875.36,2026-01-23 09:00:00
T000538,D0130,V0126,Belagavi,Hassan,64.0,7668,Shortest,Cloudy,Low,5.13,9.43,384.75,2026-01-23 10:00:00
T000539,D0397,V0105,Mysuru,Mandya,31.0,9810,Shortest,Clear,Medium,2.36,0.36,21.24,2026-01-23 11:00:00
T000540,D0225,V0110,Belagavi,Tumakuru,136.2,6662,Fastest,Cloudy,Low,17.06,46.3,1620.7,2026-01-23 12:00:00
T000541,D0361,V0092,Bengaluru,Mandya,291.0,1613,Fastest,Rain,Medium,39.26,75.31,2944.5,2026-01-23 13:00:00
T000542,D0016,V0009,Mysuru,Mangaluru,175.4,6038,Eco,Rain,High,17.17,39.99,1820.02,2026-01-23 14:00:00
T000543,D0037,V0107,Bengaluru,Mandya,182.9,1820,Shortest,Clear,Medium,21.31,40.23,1598.25,2026-01-23 15:00:00
T000544,D0477,V0015,Belagavi,Mandya,277.9,931,Fastest,Cloudy,Low,45.56,87.93,3417.0,2026-01-23 16:00:00
T000545,D0061,V0158,Mandya,Tumakuru,251.4,6524,Eco,Clear,Medium,18.06,34.28,1354.5,2026-01-23 17:00:00
T000546,D0030,V0033,Bengaluru,Belagavi,24.9,7685,Fastest,Clear,Low,2.28,0.34,20.52,2026-01-23 18:00:00
T000547,D0362,V0189,Mysuru,Hubballi,45.3,6348,Fastest,Cloudy,Medium,8.69,16.41,651.75,2026-01-23 19:00:00
T000548,D0041,V0053,Mysuru,Bengaluru,134.4,2746,Shortest,Fog,Medium,12.78,1.99,115.02,2026-01-23 20:00:00
T000549,D0302,V0099,Belagavi,Bengaluru,27.0,5421,Fastest,Rain,Medium,2.34,5.22,248.04,2026-01-23 21:00:00
T000550,D0278,V0196,Hubballi,Mysuru,237.8,6198,Fastest,Rain,Low,32.09,86.86,3048.55,2026-01-23 22:00:00
T000551,D0284,V0100,Hubballi,Belagavi,161.1,5209,Shortest,Clear,Low,12.47,22.9,935.25,2026-01-23 23:00:00
T000552,D0128,V0198,Mandya,Bengaluru,112.6,9393,Eco,Rain,Low,20.63,47.55,2186.78,2026-01-24 00:00:00
T000553,D0228,V0119,Bengaluru,Mysuru,121.3,782,Eco,Rain,Low,8.94,23.75,849.3,2026-01-24 01:00:00
T000554,D0093,V0067,Mysuru,Hassan,316.0,5024,Eco,Clear,Medium,22.54,49.9,2389.24,2026-01-24 02:00:00
T000555,D0284,V0184,Mandya,Hubballi,187.2,4234,Fastest,Rain,Low,16.87,2.55,151.83,2026-01-24 03:00:00
T000556,D0040,V0061,Hassan,Mandya,56.0,3843,Eco,Clear,High,10.62,24.35,1125.72,2026-01-24 04:00:00
T000557,D0483,V0076,Mangaluru,Mandya,341.8,1010,Fastest,Rain,Medium,51.91,7.46,467.19,2026-01-24 05:00:00
T000558,D0391,V0167,Mangaluru,Mysuru,145.0,1785,Fastest,Cloudy,Medium,24.78,58.2,2626.68,2026-01-24 06:00:00
T000559,D0138,V0050,Bengaluru,Mangaluru,175.9,9924,Eco,Fog,Medium,15.92,31.12,1194.0,2026-01-24 07:00:00
T000560,D0335,V0124,Hubballi,Mandya,46.3,4274,Eco,Clear,Medium,7.24,14.17,543.0,2026-01-24 08:00:00
T000561,D0216,V0130,Tumakuru,Belagavi,114.7,2931,Shortest,Clear,Medium,19.02,2.87,171.18,2026-01-24 09:00:00
T000562,D0354,V0043,Belagavi,Mangaluru,53.3,1696,Fastest,Fog,Low,4.21,8.01,315.75,2026-01-24 10:00:00
T000563,D0379,V0091,Mangaluru,Tumakuru,220.9,7854,Eco,Clear,Low,20.52,3.16,184.68,2026-01-24 11:00:00
T000564,D0333,V0117,Mysuru,Mandya,315.5,6715,Eco,Rain,High,50.62,140.23,4808.9,2026-01-24 12:00:00
T000565,D0022,V0189,Hubballi,Mandya,126.5,3951,Eco,Cloudy,Low,21.94,42.63,1645.5,2026-01-24 13:00:00
T000566,D0386,V0028,Belagavi,Mysuru,312.2,4295,Shortest,Rain,High,46.87,106.23,4968.22,2026-01-24 14:00:00
T000567,D0483,V0147,Bengaluru,Tumakuru,294.7,7487,Shortest,Cloudy,Medium,55.08,105.07,4131.0,2026-01-24 15:00:00
T000568,D0412,V0021,Tumakuru,Bengaluru,305.3,4144,Shortest,Clear,Medium,28.91,55.41,2168.25,2026-01-24 16:00:00
T000569,D0431,V0143,Mangaluru,Bengaluru,163.0,1083,Shortest,Rain,Low,15.45,2.23,139.05,2026-01-24 17:00:00
T000570,D0439,V0186,Mandya,Hubballi,183.9,4009,Fastest,Clear,High,17.01,32.62,1275.75,2026-01-24 18:00:00
T000571,D0431,V0060,Hassan,Hubballi,135.1,5286,Shortest,Cloudy,Medium,13.84,2.17,124.56,2026-01-24 19:00:00
T000572,D0091,V0119,Tumakuru,Hassan,339.9,5724,Shortest,Fog,Low,30.96,84.03,2941.2,2026-01-24 20:00:00
T000573,D0288,V0198,Bengaluru,Hassan,108.4,5795,Eco,Fog,Low,19.75,46.97,2093.5,2026-01-24 21:00:00
T000574,D0294,V0043,Mangaluru,Hubballi,290.1,9282,Fastest,Fog,Low,25.87,49.33,1940.25,2026-01-24 22:00:00
T000575,D0026,V0133,Mysuru,Belagavi,252.6,3948,Eco,Clear,High,22.4,42.5,1680.0,2026-01-24 23:00:00
T000576,D0019,V0006,Mangaluru,Mandya,156.4,9127,Fastest,Cloudy,Low,25.04,3.78,225.36,2026-01-25 00:00:00
T000577,D0206,V0034,Bengaluru,Hassan,267.5,4923,Fastest,Fog,High,36.84,68.85,2763.0,2026-01-25 01:00:00
T000578,D0263,V0191,Hubballi,Mysuru,294.4,883,Eco,Rain,Medium,55.35,103.14,4151.25,2026-01-25 02:00:00
T000579,D0009,V0128,Tumakuru,Hassan,113.9,6949,Eco,Cloudy,Medium,24.77,48.25,1857.75,2026-01-25 03:00:00
T000580,D0500,V0022,Belagavi,Tumakuru,56.0,2062,Shortest,Cloudy,High,5.63,15.5,534.85,2026-01-25 04:00:00
T000581,D0173,V0039,Hassan,Bengaluru,273.2,1098,Eco,Rain,High,28.5,53.08,2137.5,2026-01-25 05:00:00
T000582,D0218,V0180,Hassan,Mandya,172.3,1769,Eco,Clear,Low,11.34,21.96,850.5,2026-01-25 06:00:00
T000583,D0448,V0141,Belagavi,Mysuru,226.6,7350,Eco,Cloudy,High,36.81,69.82,2760.75,2026-01-25 07:00:00
T000584,D0310,V0065,Mandya,Mysuru,115.8,8235,Eco,Rain,High,26.72,62.14,2832.32,2026-01-25 08:00:00
T000585,D0097,V0052,Mandya,Tumakuru,42.1,2037,Shortest,Rain,High,9.02,21.03,956.12,2026-01-25 09:00:00
T000586,D0300,V0187,Mangaluru,Hubballi,24.7,5509,Eco,Rain,Medium,2.39,0.37,21.51,2026-01-25 10:00:00
T000587,D0301,V0166,Hassan,Mandya,78.8,6774,Eco,Cloudy,High,9.78,26.25,929.1,2026-01-25 11:00:00
T000588,D0085,V0122,Hassan,Mysuru,50.1,504,Eco,Cloudy,Low,4.61,12.7,437.95,2026-01-25 12:00:00
T000589,D0243,V0091,Mysuru,Mandya,204.8,5607,Shortest,Fog,High,26.06,3.93,234.54,2026-01-25 13:00:00
T000590,D0461,V0112,Belagavi,Hassan,249.4,6204,Fastest,Clear,High,20.01,3.04,180.09,2026-01-25 14:00:00
T000591,D0227,V0093,Hassan,Tumakuru,143.5,9118,Fastest,Clear,Low,23.54,43.98,1765.5,2026-01-25 15:00:00
T000592,D0321,V0015,Tumakuru,Hubballi,178.0,9874,Fastest,Rain,Medium,42.14,83.52,3160.5,2026-01-25 16:00:00
T000593,D0377,V0046,Mysuru,Bengaluru,141.9,2656,Fastest,Cloudy,High,12.33,1.87,110.97,2026-01-25 17:00:00
T000594,D0087,V0151,Hassan,Hubballi,222.6,6500,Shortest,Rain,High,20.17,3.07,181.53,2026-01-25 18:00:00
T000595,D0259,V0105,Tumakuru,Bengaluru,77.0,3333,Shortest,Cloudy,High,6.34,0.92,57.06,2026-01-25 19:00:00
T000596,D0374,V0023,Mysuru,Mangaluru,327.0,3541,Eco,Clear,Low,57.45,107.36,4308.75,2026-01-25 20:00:00
T000597,D0387,V0189,Hassan,Mandya,296.3,2674,Eco,Cloudy,High,57.88,112.69,4341.0,2026-01-25 21:00:00
T000598,D0048,V0126,Hassan,Mysuru,343.2,6318,Shortest,Fog,Medium,32.54,62.18,2440.5,2026-01-25 22:00:00
T000599,D0331,V0175,Mandya,Mangaluru,207.7,5229,Fastest,Fog,Medium,22.32,3.22,200.88,2026-01-25 23:00:00
T000600,D0240,V0151,Bengaluru,Mysuru,190.6,5791,Eco,Fog,Low,14.64,2.24,131.76,2026-01-26 00:00:00
T000601,D0084,V0120,Mangaluru,Mandya,233.8,9458,Fastest,Rain,Medium,24.03,63.7,2282.85,2026-01-26 01:00:00
T000602,D0206,V0077,Hassan,Mandya,258.7,1157,Fastest,Fog,High,23.44,45.79,1758.0,2026-01-26 02:00:00
T000603,D0385,V0036,Mandya,Mangaluru,74.9,2628,Shortest,Cloudy,High,12.67,29.22,1343.02,2026-01-26 03:00:00
T000604,D0121,V0053,Mandya,Mysuru,311.4,7652,Fastest,Clear,Low,26.82,4.04,241.38,2026-01-26 04:00:00
T000605,D0362,V0063,Hubballi,Mangaluru,90.1,2069,Eco,Fog,Medium,8.51,1.31,76.59,2026-01-26 05:00:00
T000606,D0454,V0156,Mangaluru,Hassan,241.1,3418,Fastest,Clear,Low,14.83,33.64,1571.98,2026-01-26 06:00:00
T000607,D0197,V0168,Belagavi,Mysuru,34.6,3447,Eco,Clear,Medium,4.1,9.28,434.6,2026-01-26 07:00:00
T000608,D0442,V0104,Mysuru,Tumakuru,286.1,700,Fastest,Clear,High,30.44,4.55,273.96,2026-01-26 08:00:00
T000609,D0191,V0200,Hubballi,Mandya,264.9,8258,Shortest,Fog,High,26.05,70.97,2474.75,2026-01-26 09:00:00
T000610,D0025,V0119,Mangaluru,Hubballi,214.8,5115,Fastest,Fog,Medium,21.79,56.84,2070.05,2026-01-26 10:00:00
T000611,D0229,V0084,Bengaluru,Mangaluru,108.2,5377,Shortest,Fog,Low,9.89,25.62,939.55,2026-01-26 11:00:00
T000612,D0498,V0118,Mandya,Hubballi,67.7,4499,Shortest,Rain,Medium,5.14,9.93,385.5,2026-01-26 12:00:00
T000613,D0384,V0078,Mysuru,Tumakuru,189.2,7422,Eco,Rain,High,19.42,36.45,1456.5,2026-01-26 13:00:00
T000614,D0410,V0013,Tumakuru,Mandya,223.1,6631,Shortest,Cloudy,High,35.6,81.59,3773.6,2026-01-26 14:00:00
T000615,D0010,V0107,Hubballi,Mysuru,243.8,2626,Eco,Fog,Low,29.98,54.85,2248.5,2026-01-26 15:00:00
T000616,D0305,V0085,Tumakuru,Hubballi,255.0,9371,Eco,Fog,High,28.68,65.35,3040.08,2026-01-26 16:00:00
T000617,D0207,V0009,Belagavi,Mysuru,195.6,9860,Fastest,Fog,Medium,20.89,48.25,2214.34,2026-01-26 17:00:00
T000618,D0181,V0145,Mangaluru,Hassan,242.6,7570,Eco,Cloudy,High,33.27,90.82,3160.65,2026-01-26 18:00:00
T000619,D0149,V0046,Mysuru,Bengaluru,150.6,3106,Shortest,Clear,High,11.75,1.74,105.75,2026-01-26 19:00:00
T000620,D0275,V0137,Mysuru,Hubballi,312.0,6925,Fastest,Rain,High,36.8,87.83,3900.8,2026-01-26 20:00:00
T000621,D0298,V0168,Mangaluru,Belagavi,173.1,7350,Eco,Clear,Medium,22.08,50.31,2340.48,2026-01-26 21:00:00
T000622,D0047,V0095,Hubballi,Bengaluru,127.3,872,Shortest,Fog,High,26.53,3.93,238.77,2026-01-26 22:00:00
T000623,D0068,V0076,Hassan,Mysuru,175.8,1561,Fastest,Cloudy,Medium,26.55,4.1,238.95,2026-01-26 23:00:00
T000624,D0237,V0185,Mysuru,Belagavi,219.3,1644,Fastest,Cloudy,Low,23.39,54.26,2479.34,2026-01-27 00:00:00
T000625,D0247,V0186,Mysuru,Hubballi,276.3,1479,Eco,Clear,Medium,22.18,41.68,1663.5,2026-01-27 01:00:00
T000626,D0087,V0094,Mysuru,Bengaluru,68.2,7264,Shortest,Clear,High,9.36,25.01,889.2,2026-01-27 02:00:00
T000627,D0228,V0085,Belagavi,Hubballi,100.8,7878,Shortest,Rain,High,10.86,25.77,1151.16,2026-01-27 03:00:00
T000628,D0325,V0079,Mangaluru,Hubballi,116.1,8287,Shortest,Cloudy,High,10.86,1.68,97.74,2026-01-27 04:00:00
T000629,D0187,V0185,Bengaluru,Belagavi,89.8,8832,Shortest,Clear,Medium,11.38,25.86,1206.28,2026-01-27 05:00:00
T000630,D0247,V0045,Mangaluru,Hassan,305.6,8429,Eco,Cloudy,High,39.79,75.54,2984.25,2026-01-27 06:00:00
T000631,D0434,V0135,Mysuru,Hubballi,85.0,4241,Shortest,Clear,High,12.54,33.67,1191.3,2026-01-27 07:00:00
T000632,D0132,V0190,Mysuru,Belagavi,38.5,3493,Shortest,Cloudy,Low,3.19,8.38,303.05,2026-01-27 08:00:00
T000633,D0268,V0078,Mysuru,Hubballi,82.7,1497,Fastest,Clear,Low,5.62,10.67,421.5,2026-01-27 09:00:00
T000634,D0278,V0151,Hassan,Tumakuru,58.4,4022,Shortest,Cloudy,Low,3.73,0.56,33.57,2026-01-27 10:00:00
T000635,D0324,V0046,Belagavi,Bengaluru,103.1,5884,Shortest,Rain,Medium,8.88,1.36,79.92,2026-01-27 11:00:00
T000636,D0004,V0082,Tumakuru,Hubballi,165.2,8848,Eco,Cloudy,Medium,19.77,54.26,1878.15,2026-01-27 12:00:00
T000637,D0257,V0079,Mandya,Mysuru,277.0,5743,Shortest,Cloudy,Medium,21.74,3.24,195.66,2026-01-27 13:00:00
T000638,D0490,V0133,Hubballi,Belagavi,76.7,8262,Shortest,Cloudy,Medium,6.35,12.01,476.25,2026-01-27 14:00:00
T000639,D0218,V0145,Mangaluru,Hubballi,136.8,6947,Eco,Fog,Medium,19.33,52.49,1836.35,2026-01-27 15:00:00
T000640,D0165,V0110,Hassan,Mysuru,238.5,6765,Eco,Rain,Low,33.95,89.92,3225.25,2026-01-27 16:00:00
T000641,D0400,V0169,Mangaluru,Hubballi,178.3,6890,Shortest,Fog,Low,14.26,2.16,128.34,2026-01-27 17:00:00
T000642,D0069,V0192,Tumakuru,Mangaluru,141.9,1712,Eco,Clear,Medium,10.14,1.52,91.26,2026-01-27 18:00:00
T000643,D0012,V0036,Mangaluru,Tumakuru,200.4,1614,Shortest,Rain,High,37.63,85.24,3988.78,2026-01-27 19:00:00
T000644,D0310,V0192,Belagavi,Mandya,129.9,879,Fastest,Rain,Medium,9.72,1.43,87.48,2026-01-27 20:00:00
T000645,D0252,V0073,Hubballi,Bengaluru,336.7,9917,Eco,Rain,High,38.4,91.27,4070.4,2026-01-27 21:00:00
T000646,D0221,V0071,Belagavi,Tumakuru,234.6,8130,Eco,Clear,High,23.1,43.75,1732.5,2026-01-27 22:00:00
T000647,D0005,V0058,Hubballi,Bengaluru,152.5,5781,Eco,Fog,Low,23.07,63.86,2191.65,2026-01-27 23:00:00
T000648,D0158,V0047,Mangaluru,Hubballi,306.2,2153,Fastest,Cloudy,Low,34.84,5.17,313.56,2026-01-28 00:00:00
T000649,D0120,V0056,Hassan,Hubballi,88.9,6321,Fastest,Fog,Medium,12.69,34.21,1205.55,2026-01-28 01:00:00
T000650,D0497,V0045,Hubballi,Mysuru,87.9,8801,Shortest,Clear,Low,9.98,19.87,748.5,2026-01-28 02:00:00
T000651,D0058,V0117,Hassan,Bengaluru,283.9,764,Fastest,Rain,High,42.96,112.7,4081.2,2026-01-28 03:00:00
T000652,D0009,V0071,Tumakuru,Mysuru,349.9,5796,Fastest,Fog,Medium,35.51,64.91,2663.25,2026-01-28 04:00:00
T000653,D0317,V0107,Bengaluru,Mangaluru,284.8,3080,Eco,Rain,Medium,39.63,77.23,2972.25,2026-01-28 05:00:00
T000654,D0165,V0008,Hassan,Mandya,153.2,923,Eco,Rain,High,11.63,30.65,1104.85,2026-01-28 06:00:00
T000655,D0215,V0017,Mandya,Mysuru,53.0,2341,Eco,Cloudy,Low,5.22,12.05,553.32,2026-01-28 07:00:00
T000656,D0253,V0192,Tumakuru,Mysuru,126.5,9859,Fastest,Clear,Medium,10.24,1.52,92.16,2026-01-28 08:00:00
T000657,D0364,V0119,Mysuru,Mandya,94.7,9018,Shortest,Rain,Medium,8.57,23.09,814.15,2026-01-28 09:00:00
T000658,D0094,V0004,Bengaluru,Hubballi,319.0,2842,Shortest,Clear,Low,39.51,5.81,355.59,2026-01-28 10:00:00
T000659,D0226,V0031,Hubballi,Hassan,347.6,5076,Shortest,Rain,High,31.17,83.23,2961.15,2026-01-28 11:00:00
T000660,D0401,V0094,Mysuru,Hubballi,302.6,7488,Shortest,Rain,Low,38.17,103.22,3626.15,2026-01-28 12:00:00
T000661,D0094,V0102,Mangaluru,Mandya,169.3,8870,Fastest,Clear,High,38.57,87.3,4088.42,2026-01-28 13:00:00
T000662,D0082,V0026,Bengaluru,Belagavi,195.9,3213,Shortest,Cloudy,Medium,13.19,1.95,118.71,2026-01-28 14:00:00
T000663,D0240,V0083,Hubballi,Mandya,148.6,2730,Shortest,Fog,Medium,27.42,51.74,2056.5,2026-01-28 15:00:00
T000664,D0201,V0041,Bengaluru,Belagavi,155.4,7365,Eco,Cloudy,Low,16.6,37.25,1759.6,2026-01-28 16:00:00
T000665,D0327,V0031,Mandya,Mysuru,166.3,9029,Eco,Rain,Low,12.73,33.83,1209.35,2026-01-28 17:00:00
T000666,D0487,V0011,Belagavi,Mysuru,43.2,6750,Eco,Rain,Medium,4.72,8.99,354.0,2026-01-28 18:00:00
T000667,D0446,V0171,Mysuru,Bengaluru,349.2,8602,Shortest,Rain,Low,45.3,85.38,3397.5,2026-01-28 19:00:00
T000668,D0052,V0183,Hubballi,Mangaluru,296.0,8455,Fastest,Clear,Low,56.74,8.46,510.66,2026-01-28 20:00:00
T000669,D0309,V0028,Hubballi,Tumakuru,191.3,2115,Shortest,Fog,Low,22.83,52.72,2419.98,2026-01-28 21:00:00
T000670,D0417,V0161,Mangaluru,Hubballi,280.1,7574,Shortest,Clear,Medium,27.84,52.2,2088.0,2026-01-28 22:00:00
T000671,D0499,V0064,Belagavi,Hubballi,314.0,5032,Eco,Rain,Medium,25.52,69.34,2424.4,2026-01-28 23:00:00
T000672,D0439,V0023,Mangaluru,Hubballi,152.4,5968,Eco,Cloudy,Medium,33.77,66.01,2532.75,2026-01-29 00:00:00
T000673,D0136,V0182,Mangaluru,Tumakuru,184.1,8453,Eco,Fog,Low,33.08,4.92,297.72,2026-01-29 01:00:00
T000674,D0048,V0024,Tumakuru,Belagavi,204.8,7129,Eco,Clear,Low,18.68,35.84,1401.0,2026-01-29 02:00:00
T000675,D0423,V0011,Tumakuru,Mangaluru,208.1,4528,Shortest,Cloudy,Medium,23.39,44.23,1754.25,2026-01-29 03:00:00
T000676,D0248,V0113,Hassan,Mysuru,24.1,7291,Shortest,Clear,High,2.85,0.43,25.65,2026-01-29 04:00:00
T000677,D0164,V0139,Mangaluru,Belagavi,284.6,6350,Fastest,Rain,Low,61.07,119.67,4580.25,2026-01-29 05:00:00
T000678,D0179,V0184,Belagavi,Tumakuru,123.4,9577,Fastest,Cloudy,High,14.32,2.17,128.88,2026-01-29 06:00:00
T000679,D0076,V0017,Belagavi,Tumakuru,234.6,6306,Fastest,Fog,High,34.04,75.84,3608.24,2026-01-29 07:00:00
T000680,D0120,V0146,Mandya,Tumakuru,91.0,8822,Eco,Rain,Medium,9.56,1.45,86.04,2026-01-29 08:00:00
T000681,D0083,V0188,Mysuru,Belagavi,342.5,3688,Fastest,Fog,High,33.83,80.07,3585.98,2026-01-29 09:00:00
T000682,D0196,V0179,Mysuru,Tumakuru,209.4,8272,Fastest,Fog,Medium,18.94,43.56,2007.64,2026-01-29 10:00:00
T000683,D0232,V0193,Hubballi,Mysuru,94.8,2040,Shortest,Clear,Medium,6.66,18.2,632.7,2026-01-29 11:00:00
T000684,D0490,V0045,Bengaluru,Mysuru,127.9,3588,Shortest,Rain,Low,14.71,27.56,1103.25,2026-01-29 12:00:00
T000685,D0016,V0160,Belagavi,Mangaluru,299.2,1135,Shortest,Cloudy,Medium,21.46,39.56,1609.5,2026-01-29 13:00:00
T000686,D0476,V0169,Mysuru,Tumakuru,83.7,9478,Eco,Rain,Medium,7.46,1.12,67.14,2026-01-29 14:00:00
T000687,D0416,V0169,Belagavi,Mysuru,282.0,2118,Shortest,Clear,Medium,21.29,3.08,191.61,2026-01-29 15:00:00
T000688,D0484,V0161,Hassan,Mandya,125.7,7484,Eco,Cloudy,Medium,15.13,28.61,1134.75,2026-01-29 16:00:00
T000689,D0485,V0023,Tumakuru,Belagavi,245.7,5531,Shortest,Clear,Low,46.39,90.41,3479.25,2026-01-29 17:00:00
T000690,D0261,V0135,Mangaluru,Tumakuru,37.3,3421,Shortest,Fog,High,5.91,15.23,561.45,2026-01-29 18:00:00
T000691,D0473,V0098,Hassan,Tumakuru,88.2,3875,Shortest,Clear,Low,6.43,14.47,681.58,2026-01-29 19:00:00
T000692,D0343,V0067,Mangaluru,Belagavi,152.6,7427,Shortest,Cloudy,High,12.06,27.28,1278.36,2026-01-29 20:00:00
T000693,D0308,V0003,Hubballi,Hassan,111.8,6979,Fastest,Fog,Medium,13.08,35.01,1242.6,2026-01-29 21:00:00
T000694,D0367,V0178,Belagavi,Bengaluru,80.5,7024,Eco,Rain,High,6.46,12.18,484.5,2026-01-29 22:00:00
T000695,D0056,V0029,Belagavi,Mysuru,61.9,4246,Fastest,Fog,Medium,5.17,0.8,46.53,2026-01-29 23:00:00
T000696,D0372,V0082,Bengaluru,Hubballi,328.1,1216,Shortest,Cloudy,Low,29.51,80.6,2803.45,2026-01-30 00:00:00
T000697,D0337,V0185,Mandya,Hassan,186.8,7690,Fastest,Cloudy,Medium,22.58,52.68,2393.48,2026-01-30 01:00:00
T000698,D0369,V0044,Bengaluru,Mysuru,246.0,5770,Eco,Clear,High,19.63,2.95,176.67,2026-01-30 02:00:00
T000699,D0333,V0122,Hassan,Belagavi,227.3,9863,Shortest,Clear,Low,22.94,61.96,2179.3,2026-01-30 03:00:00
T000700,D0074,V0074,Belagavi,Hassan,323.4,3356,Eco,Rain,Low,28.57,53.35,2142.75,2026-01-30 04:00:00
T000701,D0216,V0107,Hassan,Tumakuru,61.3,8046,Shortest,Cloudy,Medium,7.75,14.98,581.25,2026-01-30 05:00:00
T000702,D0281,V0196,Hassan,Mysuru,255.2,7188,Eco,Rain,Medium,36.11,94.62,3430.45,2026-01-30 06:00:00
T000703,D0197,V0133,Hubballi,Bengaluru,85.8,7574,Fastest,Cloudy,High,7.91,15.28,593.25,2026-01-30 07:00:00
T000704,D0211,V0082,Mandya,Hubballi,152.6,8177,Fastest,Cloudy,Low,16.96,46.53,1611.2,2026-01-30 08:00:00
T000705,D0437,V0024,Mysuru,Belagavi,41.6,5633,Eco,Clear,Medium,4.54,8.66,340.5,2026-01-30 09:00:00
T000706,D0082,V0039,Belagavi,Mandya,252.2,3174,Eco,Clear,High,26.75,50.65,2006.25,2026-01-30 10:00:00
T000707,D0387,V0011,Hassan,Bengaluru,239.1,2721,Eco,Fog,Low,26.31,50.39,1973.25,2026-01-30 11:00:00
T000708,D0044,V0095,Belagavi,Bengaluru,340.2,1628,Fastest,Rain,Medium,62.58,8.85,563.22,2026-01-30 12:00:00
T000709,D0457,V0152,Mysuru,Hassan,218.9,7344,Fastest,Clear,High,21.48,41.06,1611.0,2026-01-30 13:00:00
T000710,D0173,V0011,Bengaluru,Hubballi,98.8,4970,Shortest,Fog,Medium,12.58,23.85,943.5,2026-01-30 14:00:00
T000711,D0019,V0178,Bengaluru,Hassan,145.6,4928,Shortest,Fog,Medium,11.66,22.13,874.5,2026-01-30 15:00:00
T000712,D0044,V0171,Hassan,Tumakuru,112.9,5720,Shortest,Fog,High,19.96,38.46,1497.0,2026-01-30 16:00:00
T000713,D0414,V0088,Hassan,Belagavi,48.8,1653,Fastest,Clear,High,8.13,21.76,772.35,2026-01-30 17:00:00
T000714,D0368,V0024,Mandya,Mysuru,322.9,562,Eco,Cloudy,Low,26.37,48.96,1977.75,2026-01-30 18:00:00
T000715,D0095,V0130,Belagavi,Tumakuru,253.1,603,Fastest,Clear,Medium,40.44,6.05,363.96,2026-01-30 19:00:00
T000716,D0326,V0152,Mandya,Belagavi,126.1,5361,Shortest,Cloudy,Medium,10.91,20.76,818.25,2026-01-30 20:00:00
T000717,D0177,V0188,Tumakuru,Mandya,268.9,1489,Shortest,Clear,Medium,17.7,40.98,1876.2,2026-01-30 21:00:00
T000718,D0135,V0187,Mangaluru,Hubballi,244.8,5727,Eco,Clear,High,22.89,3.44,206.01,2026-01-30 22:00:00
T000719,D0473,V0104,Mandya,Bengaluru,248.0,8096,Eco,Fog,Medium,31.58,4.84,284.22,2026-01-30 23:00:00
T000720,D0304,V0048,Mandya,Tumakuru,140.7,4055,Fastest,Cloudy,Low,10.19,18.94,764.25,2026-01-31 00:00:00
T000721,D0223,V0041,Tumakuru,Mysuru,82.7,8484,Shortest,Fog,Medium,11.26,26.1,1193.56,2026-01-31 01:00:00
T000722,D0082,V0087,Belagavi,Hubballi,91.4,5589,Shortest,Rain,High,8.65,23.78,821.75,2026-01-31 02:00:00
T000723,D0484,V0084,Belagavi,Bengaluru,25.8,4324,Eco,Cloudy,Low,1.93,4.99,183.35,2026-01-31 03:00:00
T000724,D0304,V0157,Mangaluru,Belagavi,228.8,4383,Fastest,Cloudy,High,19.11,2.88,171.99,2026-01-31 04:00:00
T000725,D0231,V0100,Mysuru,Mangaluru,182.0,3665,Eco,Rain,Low,14.28,26.81,1071.0,2026-01-31 05:00:00
T000726,D0161,V0155,Belagavi,Tumakuru,68.2,9286,Fastest,Rain,Medium,13.37,30.66,1417.22,2026-01-31 06:00:00
T000727,D0134,V0053,Tumakuru,Mysuru,280.9,2860,Eco,Clear,Medium,23.99,3.53,215.91,2026-01-31 07:00:00
T000728,D0142,V0051,Mandya,Mangaluru,166.6,7927,Eco,Rain,Medium,41.55,6.21,373.95,2026-01-31 08:00:00
T000729,D0092,V0084,Hubballi,Tumakuru,28.4,1065,Shortest,Rain,Medium,2.48,6.89,235.6,2026-01-31 09:00:00
T000730,D0387,V0093,Mandya,Mysuru,53.7,6350,Eco,Cloudy,Low,8.5,15.74,637.5,2026-01-31 10:00:00
T000731,D0060,V0196,Mandya,Mangaluru,291.5,4772,Fastest,Fog,Low,41.3,108.09,3923.5,2026-01-31 11:00:00
T000732,D0199,V0194,Hassan,Mysuru,335.0,6984,Fastest,Rain,Medium,27.24,50.41,2043.0,2026-01-31 12:00:00
T000733,D0452,V0095,Hassan,Mysuru,212.3,8841,Fastest,Clear,High,46.29,7.18,416.61,2026-01-31 13:00:00
T000734,D0168,V0067,Mandya,Belagavi,86.5,6932,Fastest,Rain,Low,6.0,13.73,636.0,2026-01-31 14:00:00
T000735,D0389,V0146,Hubballi,Belagavi,55.2,5392,Shortest,Cloudy,Low,4.8,0.72,43.2,2026-01-31 15:00:00
T000736,D0441,V0086,Tumakuru,Mysuru,188.7,3880,Eco,Cloudy,Low,17.62,33.21,1321.5,2026-01-31 16:00:00
T000737,D0316,V0028,Tumakuru,Belagavi,345.6,504,Fastest,Cloudy,Low,37.04,83.95,3926.24,2026-01-31 17:00:00
T000738,D0335,V0006,Hassan,Tumakuru,264.8,5373,Fastest,Rain,Medium,51.52,7.69,463.68,2026-01-31 18:00:00
T000739,D0012,V0180,Mysuru,Hubballi,97.5,9727,Eco,Rain,Medium,8.5,16.94,637.5,2026-01-31 19:00:00
T000740,D0033,V0198,Belagavi,Hassan,77.8,5101,Shortest,Clear,High,12.95,30.75,1372.7,2026-01-31 20:00:00
T000741,D0488,V0180,Bengaluru,Hubballi,34.6,8504,Fastest,Fog,High,3.98,7.43,298.5,2026-01-31 21:00:00
T000742,D0090,V0149,Mangaluru,Hubballi,201.8,7082,Eco,Rain,Medium,44.67,85.97,3350.25,2026-01-31 22:00:00
T000743,D0331,V0120,Hubballi,Bengaluru,218.7,7885,Shortest,Rain,Medium,20.4,53.76,1938.0,2026-01-31 23:00:00
T000744,D0203,V0021,Mandya,Belagavi,283.6,7364,Fastest,Cloudy,High,31.31,57.38,2348.25,2026-02-01 00:00:00
T000745,D0480,V0102,Mangaluru,Hassan,58.6,9070,Shortest,Rain,High,15.97,37.64,1692.82,2026-02-01 01:00:00
T000746,D0410,V0028,Mandya,Belagavi,249.0,8613,Fastest,Clear,High,36.7,86.74,3890.2,2026-02-01 02:00:00
T000747,D0424,V0199,Hassan,Bengaluru,25.4,1668,Fastest,Cloudy,Low,1.91,4.5,202.46,2026-02-01 03:00:00
T000748,D0252,V0009,Tumakuru,Hassan,224.4,8691,Eco,Clear,High,22.27,50.96,2360.62,2026-02-01 04:00:00
T000749,D0389,V0023,Mangaluru,Hubballi,181.8,8280,Eco,Clear,Medium,38.39,72.7,2879.25,2026-02-01 05:00:00
T000750,D0315,V0106,Belagavi,Bengaluru,126.5,2055,Fastest,Fog,Low,12.3,1.87,110.7,2026-02-01 06:00:00
T000751,D0300,V0031,Hubballi,Belagavi,325.2,8966,Eco,Clear,Medium,24.4,65.9,2318.0,2026-02-01 07:00:00
T000752,D0414,V0168,Mysuru,Mandya,179.1,3393,Eco,Fog,High,26.84,61.51,2845.04,2026-02-01 08:00:00
T000753,D0255,V0094,Mysuru,Bengaluru,74.3,7544,Fastest,Clear,Medium,8.91,23.11,846.45,2026-02-01 09:00:00
T000754,D0206,V0130,Hubballi,Bengaluru,41.5,4485,Fastest,Rain,Medium,8.48,1.27,76.32,2026-02-01 10:00:00
T000755,D0076,V0077,Mandya,Mangaluru,156.4,2682,Shortest,Cloudy,Low,11.7,22.71,877.5,2026-02-01 11:00:00
T000756,D0340,V0122,Mandya,Hassan,323.8,8336,Eco,Cloudy,Low,35.78,93.59,3399.1,2026-02-01 12:00:00
T000757,D0085,V0064,Mandya,Belagavi,271.0,7274,Shortest,Clear,High,21.69,58.87,2060.55,2026-02-01 13:00:00
T000758,D0429,V0058,Hassan,Hubballi,259.7,2586,Eco,Fog,High,48.35,130.44,4593.25,2026-02-01 14:00:00
T000759,D0288,V0022,Belagavi,Hubballi,44.8,2884,Shortest,Fog,Low,4.33,11.78,411.35,2026-02-01 15:00:00
T000760,D0388,V0177,Mangaluru,Mandya,302.3,9678,Shortest,Fog,Medium,46.99,128.13,4464.05,2026-02-01 16:00:00
T000761,D0263,V0059,Mysuru,Hassan,227.6,5629,Eco,Rain,High,38.31,71.78,2873.25,2026-02-01 17:00:00
T000762,D0152,V0049,Hubballi,Mangaluru,237.5,6422,Shortest,Cloudy,High,31.96,71.44,3387.76,2026-02-01 18:00:00
T000763,D0455,V0166,Hassan,Mysuru,217.4,8642,Eco,Rain,Low,27.1,71.85,2574.5,2026-02-01 19:00:00
T000764,D0097,V0066,Mysuru,Tumakuru,288.3,8610,Eco,Clear,Low,24.39,3.72,219.51,2026-02-01 20:00:00
T000765,D0072,V0047,Belagavi,Tumakuru,55.7,2513,Eco,Rain,Low,7.49,1.11,67.41,2026-02-01 21:00:00
T000766,D0058,V0087,Hubballi,Mysuru,33.2,5041,Eco,Clear,Low,2.03,5.36,192.85,2026-02-01 22:00:00
T000767,D0278,V0158,Mangaluru,Belagavi,92.6,785,Fastest,Fog,Low,6.74,12.34,505.5,2026-02-01 23:00:00
T000768,D0344,V0079,Mandya,Mysuru,322.8,7630,Shortest,Clear,Low,22.28,3.46,200.52,2026-02-02 00:00:00
T000769,D0278,V0196,Mandya,Hubballi,313.1,4951,Fastest,Fog,Low,41.35,112.65,3928.25,2026-02-02 01:00:00
T000770,D0429,V0179,Belagavi,Tumakuru,87.8,6687,Fastest,Clear,High,7.89,18.51,836.34,2026-02-02 02:00:00
T000771,D0366,V0006,Belagavi,Bengaluru,246.5,6871,Shortest,Clear,Medium,45.68,6.98,411.12,2026-02-02 03:00:00
T000772,D0087,V0057,Hassan,Mandya,141.0,8973,Shortest,Fog,Low,27.16,4.12,244.44,2026-02-02 04:00:00
T000773,D0478,V0066,Mysuru,Mangaluru,249.5,7923,Fastest,Clear,High,25.0,3.73,225.0,2026-02-02 05:00:00
T000774,D0281,V0121,Mysuru,Mangaluru,37.2,7434,Fastest,Cloudy,Medium,3.79,10.12,360.05,2026-02-02 06:00:00
T000775,D0274,V0048,Mysuru,Belagavi,172.6,4524,Fastest,Cloudy,Low,13.18,24.83,988.5,2026-02-02 07:00:00
T000776,D0401,V0072,Belagavi,Mysuru,299.4,8076,Fastest,Rain,High,33.73,82.02,3575.38,2026-02-02 08:00:00
T000777,D0278,V0186,Tumakuru,Hassan,194.5,7117,Shortest,Fog,High,21.1,40.54,1582.5,2026-02-02 09:00:00
T000778,D0038,V0154,Hubballi,Mysuru,186.0,6521,Eco,Clear,Low,26.67,61.04,2827.02,2026-02-02 10:00:00
T000779,D0405,V0195,Hassan,Tumakuru,275.8,2791,Shortest,Fog,High,36.17,5.48,325.53,2026-02-02 11:00:00
T000780,D0126,V0038,Belagavi,Mandya,311.2,2159,Eco,Fog,Low,27.69,72.71,2630.55,2026-02-02 12:00:00
T000781,D0181,V0085,Belagavi,Bengaluru,328.2,3669,Eco,Fog,Low,29.34,69.81,3110.04,2026-02-02 13:00:00
T000782,D0319,V0084,Mangaluru,Bengaluru,168.0,5168,Eco,Fog,Medium,17.3,45.75,1643.5,2026-02-02 14:00:00
T000783,D0370,V0163,Mysuru,Mandya,327.9,4876,Fastest,Fog,High,45.72,123.76,4343.4,2026-02-02 15:00:00
T000784,D0281,V0146,Mandya,Mysuru,158.1,4680,Fastest,Cloudy,Medium,15.15,2.32,136.35,2026-02-02 16:00:00
T000785,D0373,V0096,Belagavi,Bengaluru,46.4,8182,Eco,Rain,High,5.07,13.69,481.65,2026-02-02 17:00:00
T000786,D0223,V0124,Tumakuru,Belagavi,216.0,4959,Eco,Cloudy,Low,33.95,64.63,2546.25,2026-02-02 18:00:00
T000787,D0464,V0040,Hassan,Belagavi,278.5,2115,Shortest,Cloudy,Medium,18.76,2.81,168.84,2026-02-02 19:00:00
T000788,D0208,V0111,Belagavi,Mangaluru,41.9,3023,Eco,Clear,Medium,5.06,11.68,536.36,2026-02-02 20:00:00
T000789,D0082,V0154,Hubballi,Belagavi,97.6,5859,Shortest,Cloudy,Medium,14.77,33.73,1565.62,2026-02-02 21:00:00
T000790,D0432,V0094,Mandya,Bengaluru,20.7,6353,Shortest,Cloudy,Medium,2.65,7.04,251.75,2026-02-02 22:00:00
T000791,D0137,V0152,Hassan,Belagavi,76.1,5274,Shortest,Fog,Low,7.05,13.79,528.75,2026-02-02 23:00:00
T000792,D0437,V0087,Mysuru,Tumakuru,220.1,3167,Shortest,Clear,Medium,14.19,37.95,1348.05,2026-02-03 00:00:00
T000793,D0080,V0010,Tumakuru,Hubballi,127.8,1801,Fastest,Cloudy,High,17.52,2.59,157.68,2026-02-03 01:00:00
T000794,D0477,V0165,Mangaluru,Tumakuru,99.0,9545,Shortest,Fog,Low,14.27,32.62,1512.62,2026-02-03 02:00:00
T000795,D0417,V0128,Bengaluru,Mysuru,297.6,8094,Shortest,Fog,Low,64.1,124.47,4807.5,2026-02-03 03:00:00
T000796,D0489,V0065,Mangaluru,Belagavi,207.0,7312,Fastest,Clear,Low,35.74,83.67,3788.44,2026-02-03 04:00:00
T000797,D0191,V0087,Hubballi,Bengaluru,274.4,544,Fastest,Rain,High,22.53,61.06,2140.35,2026-02-03 05:00:00
T000798,D0494,V0185,Hassan,Tumakuru,274.0,9464,Eco,Clear,Medium,38.26,87.93,4055.56,2026-02-03 06:00:00
T000799,D0136,V0077,Belagavi,Tumakuru,208.7,1134,Fastest,Cloudy,Medium,15.73,30.23,1179.75,2026-02-03 07:00:00
T000800,D0417,V0140,Hubballi,Bengaluru,161.9,7328,Fastest,Rain,High,32.11,84.95,3050.45,2026-02-03 08:00:00
T000801,D0372,V0085,Tumakuru,Belagavi,58.2,3403,Shortest,Fog,High,6.12,14.06,648.72,2026-02-03 09:00:00
T000802,D0464,V0110,Tumakuru,Mysuru,237.0,3843,Shortest,Fog,Low,32.39,88.49,3077.05,2026-02-03 10:00:00
T000803,D0059,V0196,Bengaluru,Mandya,41.8,7893,Eco,Rain,Low,5.57,15.19,529.15,2026-02-03 11:00:00
T000804,D0280,V0065,Mysuru,Hassan,280.4,798,Shortest,Fog,Low,49.42,111.92,5238.52,2026-02-03 12:00:00
T000805,D0175,V0100,Hassan,Tumakuru,347.1,7584,Fastest,Rain,Low,30.91,57.72,2318.25,2026-02-03 13:00:00
T000806,D0395,V0118,Mysuru,Hubballi,94.8,6845,Eco,Fog,High,9.24,17.59,693.0,2026-02-03 14:00:00
T000807,D0044,V0035,Mangaluru,Hassan,267.4,2072,Shortest,Rain,Medium,44.04,6.83,396.36,2026-02-03 15:00:00
T000808,D0440,V0028,Mangaluru,Mysuru,123.0,1399,Eco,Rain,Low,13.29,29.52,1408.74,2026-02-03 16:00:00
T000809,D0014,V0073,Mangaluru,Bengaluru,184.4,5869,Fastest,Fog,Low,17.21,39.98,1824.26,2026-02-03 17:00:00
T000810,D0410,V0021,Mangaluru,Mandya,313.2,4293,Fastest,Cloudy,High,35.62,65.82,2671.5,2026-02-03 18:00:00
T000811,D0337,V0086,Hubballi,Belagavi,327.2,4908,Shortest,Fog,Low,34.37,64.47,2577.75,2026-02-03 19:00:00
T000812,D0172,V0044,Mysuru,Hassan,72.4,3533,Shortest,Cloudy,Low,4.75,0.71,42.75,2026-02-03 20:00:00
T000813,D0407,V0187,Hassan,Tumakuru,21.7,3572,Eco,Rain,High,2.11,0.31,18.99,2026-02-03 21:00:00
T000814,D0216,V0066,Hubballi,Tumakuru,114.9,8653,Fastest,Clear,High,11.34,1.68,102.06,2026-02-03 22:00:00
T000815,D0024,V0188,Hassan,Mysuru,254.7,1682,Shortest,Cloudy,High,20.23,46.74,2144.38,2026-02-03 23:00:00
T000816,D0371,V0166,Bengaluru,Tumakuru,55.3,2519,Eco,Cloudy,Low,5.37,14.24,510.15,2026-02-04 00:00:00
T000817,D0251,V0071,Mangaluru,Mysuru,307.1,7667,Fastest,Cloudy,Medium,27.49,50.7,2061.75,2026-02-04 01:00:00
T000818,D0403,V0196,Tumakuru,Mysuru,113.5,9176,Fastest,Clear,Medium,14.74,40.12,1400.3,2026-02-04 02:00:00
T000819,D0249,V0099,Belagavi,Mysuru,164.6,4086,Shortest,Cloudy,High,14.31,33.55,1516.86,2026-02-04 03:00:00
T000820,D0461,V0073,Tumakuru,Hubballi,153.2,4630,Fastest,Clear,Low,11.54,27.11,1223.24,2026-02-04 04:00:00
T000821,D0175,V0001,Bengaluru,Mandya,336.3,8381,Fastest,Fog,High,90.44,166.54,6783.0,2026-02-04 05:00:00
T000822,D0024,V0087,Mangaluru,Bengaluru,145.4,6347,Eco,Cloudy,Medium,11.78,31.76,1119.1,2026-02-04 06:00:00
T000823,D0274,V0190,Mandya,Mysuru,155.5,1689,Fastest,Fog,Medium,13.44,36.51,1276.8,2026-02-04 07:00:00
T000824,D0302,V0116,Tumakuru,Bengaluru,323.0,3925,Fastest,Rain,High,27.33,50.86,2049.75,2026-02-04 08:00:00
T000825,D0408,V0106,Mandya,Hubballi,269.9,5918,Fastest,Fog,Low,26.62,3.99,239.58,2026-02-04 09:00:00
T000826,D0141,V0050,Mandya,Bengaluru,263.8,3319,Fastest,Clear,High,20.91,39.64,1568.25,2026-02-04 10:00:00
T000827,D0322,V0194,Hassan,Mangaluru,64.4,5408,Shortest,Cloudy,Medium,4.69,9.24,351.75,2026-02-04 11:00:00
T000828,D0213,V0028,Hubballi,Bengaluru,48.0,7620,Fastest,Clear,Low,5.46,13.1,578.76,2026-02-04 12:00:00
T000829,D0218,V0045,Mangaluru,Hassan,71.9,7792,Eco,Cloudy,Medium,9.58,17.6,718.5,2026-02-04 13:00:00
T000830,D0118,V0189,Mysuru,Belagavi,211.9,9241,Fastest,Cloudy,Low,35.3,70.42,2647.5,2026-02-04 14:00:00
T000831,D0276,V0142,Hassan,Belagavi,61.7,1869,Eco,Clear,Low,4.5,0.66,40.5,2026-02-04 15:00:00
T000832,D0076,V0160,Hassan,Mysuru,284.9,7747,Fastest,Clear,High,26.55,51.43,1991.25,2026-02-04 16:00:00
T000833,D0016,V0022,Bengaluru,Belagavi,29.0,5783,Fastest,Clear,High,2.87,7.84,272.65,2026-02-04 17:00:00
T000834,D0077,V0091,Mangaluru,Bengaluru,279.9,5625,Eco,Clear,High,29.55,4.34,265.95,2026-02-04 18:00:00
T000835,D0268,V0197,Mandya,Mangaluru,240.5,1755,Fastest,Rain,Medium,17.9,48.45,1700.5,2026-02-04 19:00:00
T000836,D0194,V0089,Bengaluru,Mysuru,217.7,6094,Fastest,Rain,Low,22.15,3.32,199.35,2026-02-04 20:00:00
T000837,D0159,V0044,Tumakuru,Mangaluru,95.2,9950,Eco,Clear,Medium,7.59,1.15,68.31,2026-02-04 21:00:00
T000838,D0034,V0016,Belagavi,Tumakuru,137.2,4887,Fastest,Cloudy,Low,25.55,3.85,229.95,2026-02-04 22:00:00
T000839,D0451,V0064,Tumakuru,Belagavi,232.4,8948,Fastest,Fog,Medium,22.49,61.72,2136.55,2026-02-04 23:00:00
T000840,D0153,V0041,Hubballi,Tumakuru,243.7,839,Fastest,Rain,Medium,27.72,64.13,2938.32,2026-02-05 00:00:00
T000841,D0485,V0162,Tumakuru,Bengaluru,172.4,6887,Fastest,Fog,Medium,42.78,6.4,385.02,2026-02-05 01:00:00
T000842,D0044,V0121,Mandya,Hassan,83.3,6681,Eco,Clear,High,8.68,23.77,824.6,2026-02-05 02:00:00
T000843,D0170,V0186,Mysuru,Hassan,99.7,2699,Eco,Cloudy,Medium,8.82,16.95,661.5,2026-02-05 03:00:00
T000844,D0132,V0151,Hassan,Mysuru,340.0,5662,Shortest,Cloudy,High,29.83,4.54,268.47,2026-02-05 04:00:00
T000845,D0047,V0162,Mysuru,Mangaluru,35.9,3743,Eco,Cloudy,High,7.59,1.12,68.31,2026-02-05 05:00:00
T000846,D0492,V0129,Belagavi,Hubballi,337.4,7171,Shortest,Clear,Medium,45.32,84.31,3399.0,2026-02-05 06:00:00
T000847,D0353,V0097,Hubballi,Bengaluru,201.4,5969,Eco,Clear,Low,35.76,81.67,3790.56,2026-02-05 07:00:00
T000848,D0040,V0080,Hassan,Tumakuru,141.4,1661,Fastest,Cloudy,Low,8.78,1.3,79.02,2026-02-05 08:00:00
T000849,D0088,V0186,Mangaluru,Belagavi,28.7,3083,Fastest,Fog,Low,2.44,4.71,183.0,2026-02-05 09:00:00
T000850,D0275,V0105,Bengaluru,Hubballi,266.2,1202,Eco,Cloudy,High,23.17,3.54,208.53,2026-02-05 10:00:00
T000851,D0484,V0050,Mysuru,Bengaluru,266.3,1407,Shortest,Clear,Low,16.42,31.1,1231.5,2026-02-05 11:00:00
T000852,D0131,V0088,Mysuru,Hassan,330.3,6329,Fastest,Cloudy,Low,51.34,141.53,4877.3,2026-02-05 12:00:00
T000853,D0384,V0011,Mandya,Mangaluru,89.6,2397,Fastest,Rain,Medium,10.7,20.89,802.5,2026-02-05 13:00:00
T000854,D0371,V0032,Mandya,Tumakuru,35.2,1374,Fastest,Rain,High,4.57,0.69,41.13,2026-02-05 14:00:00
T000855,D0232,V0066,Mysuru,Belagavi,115.5,3213,Eco,Clear,High,10.56,1.56,95.04,2026-02-05 15:00:00
T000856,D0197,V0164,Belagavi,Bengaluru,313.4,9818,Fastest,Rain,High,40.6,6.28,365.4,2026-02-05 16:00:00
T000857,D0398,V0111,Mandya,Belagavi,277.5,7122,Shortest,Rain,Low,37.08,85.55,3930.48,2026-02-05 17:00:00
T000858,D0384,V0056,Belagavi,Hubballi,157.8,5570,Shortest,Fog,Low,20.94,56.26,1989.3,2026-02-05 18:00:00
T000859,D0460,V0089,Mandya,Hubballi,316.0,7176,Shortest,Rain,Low,31.22,4.65,280.98,2026-02-05 19:00:00
T000860,D0339,V0069,Mandya,Tumakuru,214.9,2031,Shortest,Cloudy,Medium,40.28,75.17,3021.0,2026-02-05 20:00:00
T000861,D0414,V0136,Hubballi,Bengaluru,241.8,5639,Shortest,Cloudy,Low,20.2,2.94,181.8,2026-02-05 21:00:00
T000862,D0427,V0043,Tumakuru,Belagavi,188.0,8338,Fastest,Clear,Low,13.93,26.8,1044.75,2026-02-05 22:00:00
T000863,D0172,V0007,Hubballi,Tumakuru,86.7,1285,Fastest,Cloudy,High,14.21,32.31,1506.26,2026-02-05 23:00:00
T000864,D0487,V0114,Hubballi,Belagavi,78.5,7236,Shortest,Cloudy,High,6.74,19.17,640.3,2026-02-06 00:00:00
T000865,D0207,V0196,Hubballi,Mysuru,39.2,7244,Shortest,Cloudy,High,5.67,14.87,538.65,2026-02-06 01:00:00
T000866,D0012,V0102,Hubballi,Bengaluru,344.1,9084,Shortest,Clear,Medium,77.43,174.37,8207.58,2026-02-06 02:00:00
T000867,D0279,V0021,Mandya,Mysuru,133.8,8106,Fastest,Clear,Medium,13.24,25.41,993.0,2026-02-06 03:00:00
T000868,D0240,V0127,Hubballi,Mysuru,292.3,9447,Shortest,Rain,Low,30.07,58.88,2255.25,2026-02-06 04:00:00
T000869,D0262,V0012,Mandya,Belagavi,211.0,2048,Eco,Fog,Medium,20.71,47.9,2195.26,2026-02-06 05:00:00
T000870,D0039,V0004,Mandya,Tumakuru,264.5,3145,Shortest,Cloudy,Low,33.48,5.08,301.32,2026-02-06 06:00:00
T000871,D0352,V0156,Hubballi,Mysuru,208.9,7675,Fastest,Fog,High,19.4,43.16,2056.4,2026-02-06 07:00:00
T000872,D0012,V0127,Hubballi,Bengaluru,131.7,9422,Shortest,Fog,High,17.06,31.97,1279.5,2026-02-06 08:00:00
T000873,D0392,V0001,Hassan,Tumakuru,191.0,6662,Shortest,Clear,Medium,40.83,75.91,3062.25,2026-02-06 09:00:00
T000874,D0352,V0068,Mangaluru,Bengaluru,276.5,7134,Shortest,Fog,Low,36.43,80.96,3861.58,2026-02-06 10:00:00
T000875,D0221,V0160,Bengaluru,Mangaluru,214.9,9377,Eco,Rain,Low,16.29,31.02,1221.75,2026-02-06 11:00:00
T000876,D0067,V0077,Hubballi,Mangaluru,217.4,6033,Shortest,Rain,High,20.54,37.28,1540.5,2026-02-06 12:00:00
T000877,D0459,V0140,Bengaluru,Hubballi,236.1,7080,Eco,Cloudy,Low,35.55,92.75,3377.25,2026-02-06 13:00:00
T000878,D0273,V0127,Mysuru,Hubballi,227.2,6799,Shortest,Fog,High,28.69,53.93,2151.75,2026-02-06 14:00:00
T000879,D0269,V0001,Hassan,Tumakuru,348.1,7030,Shortest,Rain,High,89.77,167.73,6732.75,2026-02-06 15:00:00
T000880,D0020,V0008,Hubballi,Hassan,260.1,2545,Fastest,Fog,High,23.93,64.64,2273.35,2026-02-06 16:00:00
T000881,D0151,V0048,Hubballi,Hassan,215.9,4540,Shortest,Rain,High,21.87,41.81,1640.25,2026-02-06 17:00:00
T000882,D0273,V0195,Mysuru,Hassan,153.6,6035,Shortest,Rain,Low,18.14,2.77,163.26,2026-02-06 18:00:00
T000883,D0115,V0130,Hassan,Mandya,194.8,2240,Shortest,Rain,Low,31.34,4.77,282.06,2026-02-06 19:00:00
T000884,D0004,V0050,Mangaluru,Belagavi,181.0,5523,Shortest,Rain,Low,13.0,25.26,975.0,2026-02-06 20:00:00
T000885,D0407,V0010,Bengaluru,Mandya,192.1,1909,Eco,Cloudy,Medium,22.04,3.31,198.36,2026-02-06 21:00:00
T000886,D0373,V0135,Mandya,Hassan,224.4,2095,Fastest,Fog,Medium,32.06,86.44,3045.7,2026-02-06 22:00:00
T000887,D0091,V0117,Mysuru,Hassan,333.6,6773,Shortest,Clear,Medium,46.58,126.11,4425.1,2026-02-06 23:00:00
T000888,D0084,V0036,Belagavi,Bengaluru,109.7,5921,Shortest,Rain,Medium,16.67,38.62,1767.02,2026-02-07 00:00:00
T000889,D0173,V0131,Belagavi,Mandya,118.6,6026,Shortest,Fog,High,12.68,33.71,1204.6,2026-02-07 01:00:00
T000890,D0416,V0178,Tumakuru,Mysuru,185.7,7514,Eco,Clear,Low,11.37,21.46,852.75,2026-02-07 02:00:00
T000891,D0445,V0082,Hassan,Bengaluru,336.3,1634,Fastest,Clear,Medium,32.22,84.94,3060.9,2026-02-07 03:00:00
T000892,D0301,V0159,Mysuru,Hassan,120.1,8538,Fastest,Fog,Medium,15.59,36.32,1652.54,2026-02-07 04:00:00
T000893,D0148,V0054,Mandya,Hubballi,22.1,1640,Shortest,Cloudy,Medium,1.86,3.53,139.5,2026-02-07 05:00:00
T000894,D0194,V0190,Mandya,Belagavi,232.9,632,Fastest,Clear,Low,16.25,42.97,1543.75,2026-02-07 06:00:00
T000895,D0403,V0047,Belagavi,Hassan,191.2,6235,Eco,Fog,Low,28.72,4.25,258.48,2026-02-07 07:00:00
T000896,D0461,V0169,Bengaluru,Hassan,67.0,9573,Fastest,Fog,Medium,6.73,0.99,60.57,2026-02-07 08:00:00
T000897,D0336,V0150,Belagavi,Mangaluru,91.0,3549,Fastest,Cloudy,High,9.0,1.38,81.0,2026-02-07 09:00:00
T000898,D0284,V0141,Mangaluru,Hubballi,301.8,2857,Fastest,Rain,Low,39.84,75.82,2988.0,2026-02-07 10:00:00
T000899,D0381,V0127,Tumakuru,Hassan,60.3,4085,Fastest,Fog,High,7.4,13.82,555.0,2026-02-07 11:00:00
T000900,D0423,V0150,Belagavi,Tumakuru,256.1,7689,Fastest,Fog,High,29.93,4.56,269.37,2026-02-07 12:00:00
T000901,D0297,V0143,Mysuru,Mandya,181.8,9002,Fastest,Rain,Low,20.55,3.05,184.95,2026-02-07 13:00:00
T000902,D0390,V0142,Bengaluru,Mangaluru,82.2,8510,Shortest,Clear,Medium,7.43,1.08,66.87,2026-02-07 14:00:00
T000903,D0409,V0193,Mangaluru,Hubballi,189.7,1162,Fastest,Fog,Low,13.25,36.24,1258.75,2026-02-07 15:00:00
T000904,D0399,V0039,Mandya,Mysuru,307.8,9956,Fastest,Clear,Low,33.61,63.17,2520.75,2026-02-07 16:00:00
T000905,D0213,V0121,Hassan,Bengaluru,222.0,1854,Fastest,Clear,High,20.88,55.5,1983.6,2026-02-07 17:00:00
T000906,D0239,V0193,Mandya,Bengaluru,306.0,2787,Fastest,Fog,Medium,26.75,71.75,2541.25,2026-02-07 18:00:00
T000907,D0176,V0170,Bengaluru,Mysuru,223.8,9169,Eco,Cloudy,High,50.94,99.0,3820.5,2026-02-07 19:00:00
T000908,D0449,V0171,Mangaluru,Mysuru,196.9,5439,Shortest,Fog,High,32.01,60.84,2400.75,2026-02-07 20:00:00
T000909,D0077,V0153,Mandya,Hassan,303.7,5197,Eco,Rain,Low,22.65,51.07,2400.9,2026-02-07 21:00:00
T000910,D0342,V0146,Mysuru,Belagavi,264.9,6156,Fastest,Cloudy,High,26.87,4.07,241.83,2026-02-07 22:00:00
T000911,D0391,V0034,Hubballi,Mandya,201.4,3973,Fastest,Fog,Medium,22.13,41.64,1659.75,2026-02-07 23:00:00
T000912,D0307,V0159,Mandya,Tumakuru,96.2,1507,Eco,Clear,Low,8.88,21.29,941.28,2026-02-08 00:00:00
T000913,D0324,V0165,Mysuru,Hassan,125.4,624,Fastest,Cloudy,High,16.45,38.0,1743.7,2026-02-08 01:00:00
T000914,D0227,V0152,Belagavi,Mandya,159.7,6202,Eco,Clear,Medium,13.74,24.94,1030.5,2026-02-08 02:00:00
T000915,D0107,V0007,Mysuru,Bengaluru,203.1,7259,Shortest,Clear,Low,30.29,70.47,3210.74,2026-02-08 03:00:00
T000916,D0304,V0008,Mysuru,Belagavi,259.8,2272,Eco,Clear,Low,17.18,47.83,1632.1,2026-02-08 04:00:00
T000917,D0497,V0136,Hassan,Mandya,46.3,5014,Eco,Rain,Medium,4.92,0.76,44.28,2026-02-08 05:00:00
T000918,D0016,V0053,Mangaluru,Hassan,160.5,2474,Shortest,Rain,Medium,15.23,2.37,137.07,2026-02-08 06:00:00
T000919,D0124,V0036,Hubballi,Hassan,291.7,8282,Fastest,Clear,High,48.04,108.71,5092.24,2026-02-08 07:00:00
T000920,D0240,V0032,Mysuru,Belagavi,58.4,4633,Fastest,Fog,High,8.49,1.3,76.41,2026-02-08 08:00:00
T000921,D0402,V0045,Tumakuru,Mangaluru,21.0,1192,Eco,Clear,Medium,2.3,4.31,172.5,2026-02-08 09:00:00
T000922,D0225,V0176,Belagavi,Mangaluru,93.8,2470,Eco,Fog,High,9.87,26.57,937.65,2026-02-08 10:00:00
T000923,D0391,V0083,Bengaluru,Tumakuru,178.4,7658,Fastest,Cloudy,Low,31.45,58.23,2358.75,2026-02-08 11:00:00
T000924,D0072,V0007,Mysuru,Hubballi,291.4,4011,Eco,Fog,High,55.65,126.89,5898.9,2026-02-08 12:00:00
T000925,D0484,V0022,Bengaluru,Hubballi,285.1,4353,Eco,Clear,High,28.47,75.27,2704.65,2026-02-08 13:00:00
T000926,D0261,V0008,Belagavi,Bengaluru,261.2,1656,Shortest,Rain,High,23.22,63.35,2205.9,2026-02-08 14:00:00
T000927,D0478,V0003,Hassan,Mangaluru,344.3,9332,Fastest,Rain,Medium,38.16,103.91,3625.2,2026-02-08 15:00:00
T000928,D0207,V0024,Mandya,Belagavi,82.3,1876,Fastest,Rain,High,9.48,18.11,711.0,2026-02-08 16:00:00
T000929,D0326,V0013,Belagavi,Mangaluru,268.2,4876,Fastest,Fog,High,46.2,103.84,4897.2,2026-02-08 17:00:00
T000930,D0458,V0177,Belagavi,Tumakuru,232.0,9563,Shortest,Rain,High,37.66,100.3,3577.7,2026-02-08 18:00:00
T000931,D0280,V0064,Hubballi,Mangaluru,231.1,4838,Shortest,Fog,Medium,19.21,50.71,1824.95,2026-02-08 19:00:00
T000932,D0209,V0071,Hubballi,Mysuru,72.7,9390,Shortest,Cloudy,High,7.55,14.59,566.25,2026-02-08 20:00:00
T000933,D0228,V0155,Hubballi,Mysuru,345.1,9933,Fastest,Cloudy,High,69.64,164.66,7381.84,2026-02-08 21:00:00
T000934,D0366,V0105,Hassan,Mandya,238.2,2268,Fastest,Cloudy,Low,17.75,2.72,159.75,2026-02-08 22:00:00
T000935,D0185,V0072,Mysuru,Tumakuru,129.7,5449,Eco,Clear,Low,10.42,23.71,1104.52,2026-02-08 23:00:00
T000936,D0034,V0198,Hubballi,Hassan,298.9,8950,Fastest,Fog,High,70.82,154.63,7506.92,2026-02-09 00:00:00
T000937,D0435,V0027,Mandya,Bengaluru,109.6,4210,Eco,Fog,High,15.84,2.29,142.56,2026-02-09 01:00:00
T000938,D0457,V0024,Belagavi,Mandya,327.0,5862,Eco,Rain,High,42.52,83.09,3189.0,2026-02-09 02:00:00
T000939,D0357,V0098,Bengaluru,Belagavi,246.9,1228,Eco,Rain,Low,18.73,42.92,1985.38,2026-02-09 03:00:00
T000940,D0191,V0154,Hubballi,Mangaluru,233.7,1414,Eco,Rain,Medium,35.39,80.52,3751.34,2026-02-09 04:00:00
T000941,D0443,V0071,Mandya,Bengaluru,116.8,9621,Shortest,Fog,High,13.72,26.92,1029.0,2026-02-09 05:00:00
T000942,D0231,V0079,Mangaluru,Hassan,269.6,5725,Fastest,Clear,High,24.03,3.7,216.27,2026-02-09 06:00:00
T000943,D0359,V0075,Hubballi,Belagavi,63.2,1387,Fastest,Fog,Medium,12.04,27.83,1276.24,2026-02-09 07:00:00
T000944,D0494,V0123,Mandya,Bengaluru,77.7,8265,Eco,Fog,Medium,6.68,17.8,634.6,2026-02-09 08:00:00
T000945,D0409,V0133,Mysuru,Hassan,320.5,6861,Fastest,Rain,High,33.2,62.91,2490.0,2026-02-09 09:00:00
T000946,D0477,V0004,Mandya,Mysuru,308.6,4976,Eco,Rain,Medium,45.19,6.81,406.71,2026-02-09 10:00:00
T000947,D0117,V0111,Mandya,Bengaluru,87.3,6164,Shortest,Fog,Medium,13.24,31.56,1403.44,2026-02-09 11:00:00
T000948,D0167,V0065,Mandya,Hassan,62.2,6431,Eco,Cloudy,High,11.93,27.79,1264.58,2026-02-09 12:00:00
T000949,D0484,V0050,Mandya,Belagavi,84.9,3025,Shortest,Clear,Low,5.56,10.72,417.0,2026-02-09 13:00:00
T000950,D0341,V0076,Mysuru,Tumakuru,164.7,3225,Eco,Cloudy,Low,22.27,3.42,200.43,2026-02-09 14:00:00
T000951,D0402,V0100,Bengaluru,Hubballi,199.2,4545,Fastest,Clear,High,17.24,31.99,1293.0,2026-02-09 15:00:00
T000952,D0007,V0010,Mandya,Hassan,226.0,2201,Shortest,Cloudy,Medium,27.72,4.22,249.48,2026-02-09 16:00:00
T000953,D0219,V0014,Tumakuru,Mandya,322.5,9211,Fastest,Rain,Medium,79.21,181.9,8396.26,2026-02-09 17:00:00
T000954,D0330,V0153,Mysuru,Bengaluru,231.8,2520,Fastest,Rain,Low,15.4,33.78,1632.4,2026-02-09 18:00:00
T000955,D0297,V0180,Mandya,Belagavi,247.9,2676,Eco,Rain,Medium,21.28,38.71,1596.0,2026-02-09 19:00:00
T000956,D0333,V0058,Hubballi,Mangaluru,103.4,7865,Fastest,Cloudy,High,17.21,45.18,1634.95,2026-02-09 20:00:00
T000957,D0296,V0143,Mandya,Mangaluru,89.3,3974,Fastest,Clear,High,9.84,1.49,88.56,2026-02-09 21:00:00
T000958,D0431,V0162,Hubballi,Hassan,163.2,9644,Shortest,Clear,High,41.45,6.23,373.05,2026-02-09 22:00:00
T000959,D0333,V0063,Tumakuru,Bengaluru,322.7,1893,Shortest,Rain,Medium,29.43,4.43,264.87,2026-02-09 23:00:00
T000960,D0376,V0198,Mangaluru,Belagavi,243.2,776,Eco,Clear,Low,32.77,78.65,3473.62,2026-02-10 00:00:00
T000961,D0222,V0172,Belagavi,Hubballi,44.6,6888,Eco,Clear,Medium,8.08,14.96,606.0,2026-02-10 01:00:00
T000962,D0205,V0158,Hassan,Mandya,20.5,4905,Shortest,Rain,Low,1.49,2.83,111.75,2026-02-10 02:00:00
T000963,D0199,V0156,Mandya,Tumakuru,196.3,8022,Fastest,Fog,Low,14.26,33.14,1511.56,2026-02-10 03:00:00
T000964,D0220,V0047,Belagavi,Hubballi,222.7,6447,Eco,Rain,High,39.02,5.77,351.18,2026-02-10 04:00:00
T000965,D0435,V0162,Mandya,Tumakuru,310.8,9052,Shortest,Rain,Medium,71.44,10.72,642.96,2026-02-10 05:00:00
T000966,D0236,V0125,Mandya,Bengaluru,278.7,7986,Eco,Rain,Low,26.16,58.5,2772.96,2026-02-10 06:00:00
T000967,D0224,V0069,Mandya,Hassan,50.3,3400,Fastest,Fog,Low,9.72,18.99,729.0,2026-02-10 07:00:00
T000968,D0422,V0142,Tumakuru,Hubballi,261.4,6178,Shortest,Cloudy,Low,21.66,3.2,194.94,2026-02-10 08:00:00
T000969,D0295,V0005,Mandya,Mysuru,298.7,1315,Fastest,Clear,High,56.42,8.81,507.78,2026-02-10 09:00:00
T000970,D0084,V0144,Mandya,Hassan,299.7,5875,Shortest,Cloudy,High,43.4,116.24,4123.0,2026-02-10 10:00:00
T000971,D0483,V0139,Belagavi,Mysuru,49.7,6613,Fastest,Clear,Medium,9.47,18.36,710.25,2026-02-10 11:00:00
T000972,D0045,V0081,Bengaluru,Mangaluru,78.7,3546,Eco,Clear,High,7.66,20.51,727.7,2026-02-10 12:00:00
T000973,D0161,V0175,Hassan,Bengaluru,30.8,740,Fastest,Fog,High,3.31,0.5,29.79,2026-02-10 13:00:00
T000974,D0304,V0143,Tumakuru,Mysuru,287.5,9889,Fastest,Fog,Medium,37.74,5.59,339.66,2026-02-10 14:00:00
T000975,D0104,V0080,Mysuru,Mangaluru,281.7,9321,Fastest,Cloudy,Medium,19.98,3.0,179.82,2026-02-10 15:00:00
T000976,D0498,V0187,Hubballi,Mysuru,245.9,6397,Eco,Rain,Low,19.85,3.0,178.65,2026-02-10 16:00:00
T000977,D0302,V0141,Tumakuru,Mangaluru,163.7,4088,Shortest,Fog,Low,26.3,49.19,1972.5,2026-02-10 17:00:00
T000978,D0469,V0036,Hubballi,Belagavi,319.6,9350,Fastest,Rain,Medium,48.62,112.03,5153.72,2026-02-10 18:00:00
T000979,D0094,V0187,Mangaluru,Bengaluru,140.2,659,Shortest,Cloudy,High,11.09,1.64,99.81,2026-02-10 19:00:00
T000980,D0399,V0130,Mysuru,Mandya,52.9,6855,Fastest,Clear,Medium,9.46,1.48,85.14,2026-02-10 20:00:00
T000981,D0162,V0069,Mandya,Mysuru,229.2,1862,Shortest,Rain,Low,42.17,79.98,3162.75,2026-02-10 21:00:00
T000982,D0471,V0013,Mangaluru,Belagavi,337.5,1793,Eco,Fog,High,52.48,124.98,5562.88,2026-02-10 22:00:00
T000983,D0392,V0114,Mangaluru,Bengaluru,164.6,3633,Fastest,Fog,Low,12.65,33.77,1201.75,2026-02-10 23:00:00
T000984,D0396,V0185,Mysuru,Bengaluru,23.2,699,Fastest,Cloudy,Medium,2.79,6.48,295.74,2026-02-11 00:00:00
T000985,D0335,V0087,Tumakuru,Bengaluru,43.8,3355,Shortest,Clear,Low,2.79,7.28,265.05,2026-02-11 01:00:00
T000986,D0010,V0102,Bengaluru,Mysuru,154.5,9858,Eco,Clear,High,38.71,88.62,4103.26,2026-02-11 02:00:00
T000987,D0456,V0056,Hassan,Tumakuru,185.3,3675,Shortest,Cloudy,High,24.39,65.64,2317.05,2026-02-11 03:00:00
T000988,D0038,V0127,Mandya,Hassan,128.3,3981,Eco,Rain,Low,12.1,23.72,907.5,2026-02-11 04:00:00
T000989,D0405,V0057,Mandya,Hubballi,332.5,5541,Eco,Cloudy,Low,49.26,7.42,443.34,2026-02-11 05:00:00
T000990,D0130,V0063,Bengaluru,Hubballi,272.2,728,Fastest,Fog,High,28.32,4.37,254.88,2026-02-11 06:00:00
T000991,D0439,V0145,Mangaluru,Hassan,130.2,3548,Fastest,Fog,Medium,18.61,50.51,1767.95,2026-02-11 07:00:00
T000992,D0182,V0134,Mandya,Belagavi,22.8,3556,Fastest,Fog,Medium,4.11,11.37,390.45,2026-02-11 08:00:00
T000993,D0097,V0111,Mangaluru,Belagavi,73.5,3256,Fastest,Clear,Low,8.85,20.42,938.1,2026-02-11 09:00:00
T000994,D0055,V0198,Belagavi,Mangaluru,21.4,2336,Shortest,Clear,Medium,3.39,8.21,359.34,2026-02-11 10:00:00
T000995,D0026,V0193,Belagavi,Mysuru,252.3,6065,Fastest,Clear,High,21.87,58.04,2077.65,2026-02-11 11:00:00
T000996,D0337,V0025,Belagavi,Mysuru,285.2,8919,Fastest,Rain,Low,23.48,3.47,211.32,2026-02-11 12:00:00
T000997,D0143,V0072,Hassan,Mysuru,238.6,8483,Eco,Rain,Low,22.67,51.1,2403.02,2026-02-11 13:00:00
T000998,D0019,V0163,Hassan,Hubballi,23.4,3905,Fastest,Clear,Low,2.13,5.97,202.35,2026-02-11 14:00:00
T000999,D0461,V0199,Mandya,Hubballi,309.0,2640,Shortest,Cloudy,Low,22.22,52.17,2355.32,2026-02-11 15:00:00
T001000,D0050,V0157,Hassan,Belagavi,165.2,9302,Fastest,Fog,High,18.7,2.79,168.3,2026-02-11 16:00:00
T001001,D0299,V0192,Mysuru,Tumakuru,118.5,9198,Fastest,Clear,Low,8.69,1.34,78.21,2026-02-11 17:00:00
T001002,D0215,V0125,Mandya,Mysuru,207.3,729,Shortest,Cloudy,Low,15.28,35.78,1619.68,2026-02-11 18:00:00
T001003,D0293,V0132,Bengaluru,Tumakuru,97.2,6950,Eco,Cloudy,Low,10.74,1.67,96.66,2026-02-11 19:00:00
T001004,D0005,V0078,Tumakuru,Mangaluru,274.2,6675,Fastest,Fog,Medium,28.29,52.09,2121.75,2026-02-11 20:00:00
T001005,D0285,V0179,Tumakuru,Mysuru,279.3,5752,Eco,Rain,High,26.12,60.02,2768.72,2026-02-11 21:00:00
T001006,D0160,V0183,Mysuru,Hubballi,225.5,1886,Shortest,Cloudy,High,46.08,6.85,414.72,2026-02-11 22:00:00
T001007,D0121,V0058,Belagavi,Mysuru,313.4,4522,Eco,Rain,High,54.71,140.84,5197.45,2026-02-11 23:00:00
T001008,D0200,V0177,Bengaluru,Hassan,343.4,9735,Shortest,Fog,High,57.97,158.65,5507.15,2026-02-12 00:00:00
T001009,D0242,V0070,Mangaluru,Mysuru,139.0,6939,Eco,Rain,High,39.52,74.68,2964.0,2026-02-12 01:00:00
T001010,D0171,V0159,Tumakuru,Mandya,27.3,5519,Shortest,Clear,High,3.31,7.76,350.86,2026-02-12 02:00:00
T001011,D0446,V0071,Belagavi,Mysuru,57.2,2739,Fastest,Clear,Medium,4.23,8.42,317.25,2026-02-12 03:00:00
T001012,D0155,V0199,Hassan,Mysuru,281.6,5689,Eco,Fog,Low,25.73,59.02,2727.38,2026-02-12 04:00:00
T001013,D0482,V0136,Bengaluru,Mysuru,196.3,6337,Fastest,Clear,Medium,17.91,2.66,161.19,2026-02-12 05:00:00
T001014,D0137,V0175,Tumakuru,Hubballi,315.8,8660,Fastest,Fog,Medium,34.19,5.14,307.71,2026-02-12 06:00:00
T001015,D0221,V0103,Mandya,Mysuru,318.6,5807,Eco,Cloudy,High,58.86,160.86,5591.7,2026-02-12 07:00:00
T001016,D0167,V0167,Mandya,Belagavi,165.0,9005,Shortest,Clear,Medium,31.71,72.42,3361.26,2026-02-12 08:00:00
T001017,D0218,V0007,Mandya,Hassan,172.8,5433,Fastest,Cloudy,Low,24.87,56.72,2636.22,2026-02-12 09:00:00
T001018,D0079,V0133,Hassan,Bengaluru,85.4,6902,Fastest,Rain,High,8.66,16.8,649.5,2026-02-12 10:00:00
T001019,D0076,V0044,Mangaluru,Tumakuru,136.2,2970,Shortest,Cloudy,Low,8.92,1.35,80.28,2026-02-12 11:00:00
T001020,D0116,V0034,Tumakuru,Mandya,301.4,4213,Eco,Cloudy,Medium,30.88,56.27,2316.0,2026-02-12 12:00:00
T001021,D0414,V0041,Mandya,Tumakuru,220.4,3775,Eco,Clear,High,27.12,61.11,2874.72,2026-02-12 13:00:00
T001022,D0391,V0068,Mandya,Hubballi,49.6,9251,Eco,Fog,High,8.45,20.11,895.7,2026-02-12 14:00:00
T001023,D0079,V0089,Mandya,Hubballi,187.8,9678,Shortest,Rain,Medium,23.01,3.48,207.09,2026-02-12 15:00:00
T001024,D0191,V0168,Hubballi,Bengaluru,144.4,1307,Eco,Rain,Low,16.38,37.26,1736.28,2026-02-12 16:00:00
T001025,D0424,V0061,Bengaluru,Hassan,151.0,603,Eco,Rain,Low,22.55,51.91,2390.3,2026-02-12 17:00:00
T001026,D0402,V0074,Mysuru,Mandya,275.7,7042,Fastest,Clear,High,26.55,50.46,1991.25,2026-02-12 18:00:00
T001027,D0045,V0110,Mangaluru,Mandya,207.7,4885,Fastest,Clear,Medium,25.86,70.32,2456.7,2026-02-12 19:00:00
T001028,D0255,V0092,Hubballi,Tumakuru,345.0,3528,Fastest,Fog,High,61.57,113.81,4617.75,2026-02-12 20:00:00
T001029,D0038,V0052,Belagavi,Bengaluru,64.9,9864,Fastest,Cloudy,Medium,13.09,29.73,1387.54,2026-02-12 21:00:00
T001030,D0041,V0155,Belagavi,Mysuru,44.5,3537,Fastest,Fog,Low,7.94,18.44,841.64,2026-02-12 22:00:00
T001031,D0351,V0147,Hubballi,Mandya,98.3,5558,Fastest,Cloudy,High,21.73,41.2,1629.75,2026-02-12 23:00:00
T001032,D0301,V0018,Mangaluru,Mysuru,96.9,6266,Fastest,Cloudy,Low,7.4,17.29,784.4,2026-02-13 00:00:00
T001033,D0157,V0080,Bengaluru,Mysuru,66.3,9425,Shortest,Fog,Medium,5.49,0.8,49.41,2026-02-13 01:00:00
T001034,D0017,V0006,Hubballi,Mandya,160.8,7163,Fastest,Rain,Medium,31.7,4.79,285.3,2026-02-13 02:00:00
T001035,D0292,V0179,Mandya,Tumakuru,165.7,6728,Fastest,Rain,Low,12.44,29.36,1318.64,2026-02-13 03:00:00
T001036,D0041,V0081,Mandya,Tumakuru,156.5,5251,Shortest,Rain,Low,13.94,37.72,1324.3,2026-02-13 04:00:00
T001037,D0114,V0079,Tumakuru,Mandya,268.7,4717,Fastest,Rain,High,26.71,4.02,240.39,2026-02-13 05:00:00
T001038,D0136,V0005,Tumakuru,Mandya,210.8,9115,Shortest,Rain,Medium,41.78,6.25,376.02,2026-02-13 06:00:00
T001039,D0128,V0041,Belagavi,Mangaluru,328.6,2197,Fastest,Rain,Low,36.67,83.29,3887.02,2026-02-13 07:00:00
T001040,D0323,V0182,Mangaluru,Mandya,316.7,7263,Eco,Cloudy,Medium,57.32,8.59,515.88,2026-02-13 08:00:00
T001041,D0028,V0008,Tumakuru,Hassan,326.5,2817,Shortest,Cloudy,High,25.76,70.78,2447.2,2026-02-13 09:00:00
T001042,D0173,V0161,Mangaluru,Tumakuru,253.3,8222,Fastest,Rain,High,36.61,69.39,2745.75,2026-02-13 10:00:00
T001043,D0044,V0019,Tumakuru,Mysuru,105.6,4150,Shortest,Fog,Low,17.8,46.86,1691.0,2026-02-13 11:00:00
T001044,D0136,V0105,Bengaluru,Belagavi,102.1,3906,Shortest,Rain,Low,7.94,1.18,71.46,2026-02-13 12:00:00
T001045,D0406,V0167,Hubballi,Belagavi,291.1,5641,Shortest,Clear,High,59.07,137.0,6261.42,2026-02-13 13:00:00
T001046,D0239,V0068,Mysuru,Hubballi,238.7,3585,Fastest,Rain,Low,26.21,60.09,2778.26,2026-02-13 14:00:00
T001047,D0447,V0193,Tumakuru,Hassan,149.0,3112,Fastest,Rain,High,12.62,34.15,1198.9,2026-02-13 15:00:00
T001048,D0102,V0065,Mysuru,Mandya,87.5,7189,Eco,Clear,Low,15.46,36.09,1638.76,2026-02-13 16:00:00
T001049,D0461,V0192,Mandya,Belagavi,177.9,1428,Fastest,Rain,Low,12.0,1.83,108.0,2026-02-13 17:00:00
T001050,D0066,V0139,Hassan,Mandya,256.5,5349,Eco,Cloudy,Low,46.37,90.61,3477.75,2026-02-13 18:00:00
T001051,D0339,V0140,Tumakuru,Bengaluru,310.8,8078,Shortest,Fog,Medium,55.2,150.88,5244.0,2026-02-13 19:00:00
T001052,D0026,V0099,Mysuru,Mangaluru,279.6,6394,Shortest,Cloudy,Medium,22.01,49.89,2333.06,2026-02-13 20:00:00
T001053,D0202,V0195,Mysuru,Mandya,71.3,9245,Eco,Rain,Medium,8.95,1.32,80.55,2026-02-13 21:00:00
T001054,D0062,V0136,Mysuru,Belagavi,81.5,8002,Shortest,Clear,Low,7.95,1.19,71.55,2026-02-13 22:00:00
T001055,D0019,V0162,Belagavi,Hubballi,36.3,4195,Shortest,Rain,High,7.85,1.17,70.65,2026-02-13 23:00:00
T001056,D0384,V0066,Mysuru,Tumakuru,53.7,4592,Fastest,Fog,Medium,5.53,0.81,49.77,2026-02-14 00:00:00
T001057,D0466,V0050,Mangaluru,Hubballi,287.6,524,Shortest,Fog,Low,20.96,39.47,1572.0,2026-02-14 01:00:00
T001058,D0238,V0006,Belagavi,Tumakuru,217.7,3223,Fastest,Clear,Medium,36.41,5.41,327.69,2026-02-14 02:00:00
T001059,D0325,V0169,Belagavi,Mandya,225.9,3927,Fastest,Fog,Medium,20.06,2.97,180.54,2026-02-14 03:00:00
T001060,D0042,V0103,Mandya,Mysuru,321.0,6222,Shortest,Clear,Medium,54.46,145.03,5173.7,2026-02-14 04:00:00
T001061,D0022,V0039,Mysuru,Hassan,324.9,5705,Eco,Fog,Low,37.21,72.37,2790.75,2026-02-14 05:00:00
T001062,D0039,V0086,Tumakuru,Hubballi,272.1,4746,Shortest,Fog,Medium,33.14,63.22,2485.5,2026-02-14 06:00:00
T001063,D0439,V0041,Bengaluru,Mysuru,110.0,1552,Shortest,Cloudy,High,13.09,31.73,1387.54,2026-02-14 07:00:00
T001064,D0214,V0138,Mysuru,Hubballi,142.9,8683,Eco,Fog,High,33.42,5.03,300.78,2026-02-14 08:00:00
T001065,D0407,V0100,Tumakuru,Mandya,267.5,3410,Shortest,Clear,Low,18.85,35.61,1413.75,2026-02-14 09:00:00
T001066,D0160,V0199,Hubballi,Mangaluru,152.6,2445,Shortest,Fog,High,15.1,34.88,1600.6,2026-02-14 10:00:00
T001067,D0146,V0042,Mandya,Bengaluru,83.8,4644,Shortest,Clear,Low,9.47,25.51,899.65,2026-02-14 11:00:00
T001068,D0354,V0135,Belagavi,Mysuru,292.4,2081,Shortest,Rain,High,44.55,120.43,4232.25,2026-02-14 12:00:00
T001069,D0083,V0139,Mandya,Hubballi,20.7,6015,Fastest,Cloudy,High,4.82,9.54,361.5,2026-02-14 13:00:00
T001070,D0432,V0158,Hassan,Mangaluru,254.2,3300,Shortest,Cloudy,Medium,18.11,33.83,1358.25,2026-02-14 14:00:00
T001071,D0313,V0099,Hubballi,Mysuru,303.1,3839,Fastest,Cloudy,High,25.77,60.55,2731.62,2026-02-14 15:00:00
T001072,D0157,V0199,Hubballi,Mysuru,151.2,2280,Fastest,Fog,High,14.29,33.15,1514.74,2026-02-14 16:00:00
T001073,D0245,V0084,Hassan,Mandya,316.2,824,Eco,Clear,High,28.86,74.91,2741.7,2026-02-14 17:00:00
T001074,D0066,V0120,Mysuru,Belagavi,235.9,7784,Eco,Clear,High,21.63,58.86,2054.85,2026-02-14 18:00:00
T001075,D0377,V0173,Hassan,Mangaluru,248.6,772,Shortest,Fog,Low,29.34,57.16,2200.5,2026-02-14 19:00:00
T001076,D0158,V0158,Mangaluru,Tumakuru,293.7,8810,Shortest,Fog,Low,24.08,44.97,1806.0,2026-02-14 20:00:00
T001077,D0138,V0161,Belagavi,Mangaluru,118.3,8285,Fastest,Clear,Medium,13.9,26.41,1042.5,2026-02-14 21:00:00
T001078,D0317,V0147,Belagavi,Mandya,246.4,5156,Eco,Rain,High,61.65,113.09,4623.75,2026-02-14 22:00:00
T001079,D0298,V0138,Belagavi,Tumakuru,331.4,9236,Fastest,Fog,High,73.05,10.68,657.45,2026-02-14 23:00:00
T001080,D0205,V0036,Hubballi,Bengaluru,127.8,8015,Fastest,Clear,Low,17.31,40.82,1834.86,2026-02-15 00:00:00
T001081,D0412,V0011,Mangaluru,Tumakuru,54.4,5904,Eco,Cloudy,High,6.7,12.61,502.5,2026-02-15 01:00:00
T001082,D0077,V0115,Mysuru,Mangaluru,134.7,6571,Fastest,Cloudy,Low,15.04,2.21,135.36,2026-02-15 02:00:00
T001083,D0150,V0025,Mangaluru,Hubballi,87.1,9641,Eco,Rain,Medium,7.82,1.18,70.38,2026-02-15 03:00:00
T001084,D0213,V0165,Belagavi,Mangaluru,321.0,1072,Fastest,Fog,Low,38.95,89.03,4128.7,2026-02-15 04:00:00
T001085,D0141,V0171,Tumakuru,Mysuru,218.5,6118,Eco,Fog,Medium,33.82,63.65,2536.5,2026-02-15 05:00:00
T001086,D0071,V0081,Mandya,Bengaluru,126.8,7470,Fastest,Fog,Medium,12.78,34.76,1214.1,2026-02-15 06:00:00
T001087,D0156,V0139,Belagavi,Hubballi,29.7,5227,Shortest,Fog,Medium,6.16,11.43,462.0,2026-02-15 07:00:00
T001088,D0374,V0090,Bengaluru,Tumakuru,294.0,4074,Fastest,Rain,Medium,21.17,48.02,2244.02,2026-02-15 08:00:00
T001089,D0473,V0200,Mysuru,Belagavi,42.4,2845,Shortest,Fog,Low,3.76,10.11,357.2,2026-02-15 09:00:00
T001090,D0349,V0089,Mangaluru,Tumakuru,127.2,2792,Shortest,Rain,Low,12.7,1.94,114.3,2026-02-15 10:00:00
T001091,D0048,V0067,Bengaluru,Mangaluru,301.1,7843,Eco,Rain,High,25.49,60.34,2701.94,2026-02-15 11:00:00
T001092,D0298,V0077,Tumakuru,Bengaluru,295.0,9856,Eco,Clear,Medium,24.9,46.68,1867.5,2026-02-15 12:00:00
T001093,D0353,V0052,Hassan,Mysuru,61.2,4426,Shortest,Clear,Low,10.45,24.59,1107.7,2026-02-15 13:00:00
T001094,D0005,V0074,Mysuru,Hassan,282.2,9590,Eco,Fog,Low,26.8,50.12,2010.0,2026-02-15 14:00:00
T001095,D0263,V0145,Hassan,Mandya,260.5,2259,Eco,Clear,Low,25.92,72.0,2462.4,2026-02-15 15:00:00
T001096,D0115,V0054,Mandya,Mangaluru,287.0,6988,Fastest,Clear,Medium,27.44,50.95,2058.0,2026-02-15 16:00:00
T001097,D0117,V0148,Bengaluru,Hubballi,32.2,777,Shortest,Rain,Medium,2.68,6.36,284.08,2026-02-15 17:00:00
T001098,D0481,V0132,Tumakuru,Mandya,76.2,8965,Eco,Rain,High,11.47,1.7,103.23,2026-02-15 18:00:00
T001099,D0065,V0133,Mangaluru,Belagavi,275.8,2321,Shortest,Rain,High,27.34,54.04,2050.5,2026-02-15 19:00:00
T001100,D0008,V0085,Hassan,Hubballi,220.8,9169,Eco,Clear,Medium,20.76,48.52,2200.56,2026-02-15 20:00:00
T001101,D0094,V0186,Mandya,Mangaluru,348.3,4065,Shortest,Clear,Low,27.44,51.08,2058.0,2026-02-15 21:00:00
T001102,D0378,V0159,Mysuru,Hassan,331.9,9885,Shortest,Clear,Low,36.29,82.95,3846.74,2026-02-15 22:00:00
T001103,D0322,V0169,Hubballi,Tumakuru,88.5,5629,Shortest,Rain,Low,7.14,1.09,64.26,2026-02-15 23:00:00
T001104,D0295,V0062,Hassan,Mysuru,242.2,1807,Fastest,Clear,Low,15.83,2.42,142.47,2026-02-16 00:00:00
T001105,D0409,V0026,Hubballi,Bengaluru,209.4,8729,Shortest,Rain,High,18.14,2.72,163.26,2026-02-16 01:00:00
T001106,D0388,V0103,Mangaluru,Hubballi,282.4,2791,Eco,Cloudy,Medium,49.89,133.82,4739.55,2026-02-16 02:00:00
T001107,D0047,V0094,Bengaluru,Hubballi,22.3,5282,Eco,Rain,Medium,2.92,7.94,277.4,2026-02-16 03:00:00
T001108,D0069,V0131,Mysuru,Bengaluru,145.3,4431,Eco,Clear,High,13.41,36.03,1273.95,2026-02-16 04:00:00
T001109,D0036,V0181,Hassan,Mandya,78.4,7253,Fastest,Rain,Medium,6.69,12.38,501.75,2026-02-16 05:00:00
T001110,D0020,V0049,Tumakuru,Hassan,293.3,9678,Shortest,Rain,Low,35.16,79.9,3726.96,2026-02-16 06:00:00
T001111,D0271,V0194,Mysuru,Hassan,229.1,9986,Fastest,Fog,Low,20.55,39.23,1541.25,2026-02-16 07:00:00
T001112,D0261,V0117,Bengaluru,Mangaluru,77.3,4917,Eco,Rain,High,12.02,33.0,1141.9,2026-02-16 08:00:00
T001113,D0329,V0109,Mandya,Belagavi,182.0,9557,Shortest,Cloudy,Low,14.93,2.31,134.37,2026-02-16 09:00:00
T001114,D0383,V0092,Mysuru,Mangaluru,182.8,8888,Fastest,Fog,High,36.0,69.47,2700.0,2026-02-16 10:00:00
T001115,D0263,V0164,Bengaluru,Mangaluru,321.3,7367,Fastest,Rain,Low,34.25,5.17,308.25,2026-02-16 11:00:00
T001116,D0335,V0092,Mandya,Belagavi,307.1,7876,Eco,Clear,High,50.95,98.25,3821.25,2026-02-16 12:00:00
T001117,D0431,V0142,Tumakuru,Bengaluru,206.5,1733,Fastest,Rain,Low,17.14,2.54,154.26,2026-02-16 13:00:00
T001118,D0382,V0100,Belagavi,Bengaluru,213.8,4690,Shortest,Fog,Low,18.89,35.78,1416.75,2026-02-16 14:00:00
T001119,D0099,V0079,Hassan,Mysuru,158.3,6768,Shortest,Clear,Low,11.33,1.67,101.97,2026-02-16 15:00:00
T001120,D0201,V0107,Bengaluru,Mandya,277.1,2720,Fastest,Rain,Low,31.94,59.17,2395.5,2026-02-16 16:00:00
T001121,D0409,V0119,Bengaluru,Mysuru,183.3,4042,Shortest,Clear,Low,14.49,39.09,1376.55,2026-02-16 17:00:00
T001122,D0200,V0127,Hubballi,Tumakuru,33.6,2835,Fastest,Clear,High,3.35,6.39,251.25,2026-02-16 18:00:00
T001123,D0233,V0066,Mandya,Mangaluru,286.6,5519,Fastest,Fog,Low,25.34,3.85,228.06,2026-02-16 19:00:00
T001124,D0073,V0188,Hubballi,Bengaluru,67.5,778,Shortest,Rain,Low,4.75,11.09,503.5,2026-02-16 20:00:00
T001125,D0041,V0167,Mangaluru,Mandya,51.1,8128,Shortest,Fog,Medium,11.73,27.23,1243.38,2026-02-16 21:00:00
T001126,D0342,V0029,Mangaluru,Bengaluru,146.1,5737,Shortest,Clear,High,12.2,1.85,109.8,2026-02-16 22:00:00
T001127,D0110,V0119,Hubballi,Mandya,178.1,6715,Fastest,Fog,Low,17.42,46.65,1654.9,2026-02-16 23:00:00
T001128,D0434,V0146,Mysuru,Mangaluru,56.1,2640,Fastest,Rain,High,6.08,0.92,54.72,2026-02-17 00:00:00
T001129,D0118,V0072,Hubballi,Tumakuru,337.4,9352,Eco,Cloudy,Medium,31.48,71.66,3336.88,2026-02-17 01:00:00
T001130,D0103,V0191,Mandya,Mysuru,255.8,8555,Shortest,Clear,Low,41.59,79.61,3119.25,2026-02-17 02:00:00
T001131,D0366,V0104,Bengaluru,Mysuru,201.0,7929,Fastest,Rain,High,26.52,4.03,238.68,2026-02-17 03:00:00
T001132,D0291,V0193,Bengaluru,Mysuru,211.3,2994,Fastest,Clear,Medium,14.46,38.23,1373.7,2026-02-17 04:00:00
T001133,D0432,V0022,Hubballi,Bengaluru,198.8,9472,Eco,Rain,High,24.08,64.6,2287.6,2026-02-17 05:00:00
T001134,D0043,V0025,Hubballi,Bengaluru,313.8,9075,Fastest,Cloudy,Medium,27.12,4.02,244.08,2026-02-17 06:00:00
T001135,D0007,V0018,Tumakuru,Mysuru,341.0,6447,Fastest,Rain,High,33.74,77.12,3576.44,2026-02-17 07:00:00
T001136,D0227,V0038,Tumakuru,Mangaluru,313.9,1379,Fastest,Fog,Medium,32.49,85.11,3086.55,2026-02-17 08:00:00
T001137,D0229,V0153,Mysuru,Hubballi,187.3,5234,Fastest,Cloudy,High,15.81,37.45,1675.86,2026-02-17 09:00:00
T001138,D0160,V0041,Mandya,Tumakuru,95.0,4141,Eco,Cloudy,Medium,10.67,25.17,1131.02,2026-02-17 10:00:00
T001139,D0499,V0084,Mysuru,Hubballi,158.2,6168,Shortest,Cloudy,High,16.27,44.07,1545.65,2026-02-17 11:00:00
T001140,D0288,V0063,Bengaluru,Hassan,160.7,9058,Fastest,Clear,Low,13.95,2.18,125.55,2026-02-17 12:00:00
T001141,D0367,V0096,Hubballi,Bengaluru,135.8,688,Eco,Rain,High,13.04,34.81,1238.8,2026-02-17 13:00:00
T001142,D0113,V0163,Tumakuru,Hubballi,78.6,5412,Eco,Fog,Medium,8.27,23.51,785.65,2026-02-17 14:00:00
T001143,D0180,V0143,Hassan,Hubballi,122.0,7411,Fastest,Rain,Low,12.49,1.86,112.41,2026-02-17 15:00:00
T001144,D0415,V0100,Hubballi,Hassan,345.7,6252,Shortest,Fog,High,36.98,70.62,2773.5,2026-02-17 16:00:00
T001145,D0082,V0149,Tumakuru,Belagavi,225.8,1484,Shortest,Clear,High,42.25,79.64,3168.75,2026-02-17 17:00:00
T001146,D0372,V0108,Mangaluru,Belagavi,109.7,6699,Shortest,Clear,Medium,8.65,1.31,77.85,2026-02-17 18:00:00
T001147,D0338,V0177,Mandya,Hassan,104.7,5028,Eco,Clear,Medium,13.78,37.55,1309.1,2026-02-17 19:00:00
T001148,D0158,V0058,Mysuru,Mangaluru,68.4,6027,Shortest,Fog,Low,9.94,26.58,944.3,2026-02-17 20:00:00
T001149,D0178,V0026,Hubballi,Tumakuru,27.7,2150,Fastest,Rain,Low,1.89,0.29,17.01,2026-02-17 21:00:00
T001150,D0313,V0191,Hassan,Belagavi,29.7,9148,Eco,Clear,Medium,5.97,11.4,447.75,2026-02-17 22:00:00
T001151,D0424,V0152,Mandya,Bengaluru,349.8,1310,Fastest,Fog,High,36.2,69.15,2715.0,2026-02-17 23:00:00
T001152,D0400,V0192,Belagavi,Mangaluru,52.6,2219,Shortest,Fog,Low,4.21,0.62,37.89,2026-02-18 00:00:00
T001153,D0472,V0003,Tumakuru,Belagavi,342.8,2473,Fastest,Rain,Medium,33.89,91.59,3219.55,2026-02-18 01:00:00
T001154,D0390,V0015,Belagavi,Tumakuru,265.7,4214,Eco,Fog,High,65.46,124.04,4909.5,2026-02-18 02:00:00
T001155,D0247,V0126,Mandya,Mysuru,314.9,2476,Shortest,Fog,Medium,27.15,50.96,2036.25,2026-02-18 03:00:00
T001156,D0444,V0129,Bengaluru,Hubballi,258.5,1015,Fastest,Rain,Medium,31.97,59.8,2397.75,2026-02-18 04:00:00
T001157,D0343,V0196,Mandya,Belagavi,60.1,6765,Shortest,Fog,High,10.2,28.8,969.0,2026-02-18 05:00:00
T001158,D0384,V0037,Hubballi,Tumakuru,247.7,1965,Eco,Rain,High,45.55,121.43,4327.25,2026-02-18 06:00:00
T001159,D0145,V0055,Mangaluru,Bengaluru,343.1,2343,Shortest,Rain,Low,41.64,108.34,3955.8,2026-02-18 07:00:00
T001160,D0162,V0059,Tumakuru,Bengaluru,263.7,1267,Fastest,Clear,Low,25.1,47.02,1882.5,2026-02-18 08:00:00
T001161,D0159,V0141,Hassan,Mysuru,240.4,1986,Fastest,Rain,Low,29.77,56.5,2232.75,2026-02-18 09:00:00
T001162,D0173,V0083,Hubballi,Belagavi,336.5,2321,Fastest,Cloudy,High,61.55,118.22,4616.25,2026-02-18 10:00:00
T001163,D0438,V0164,Belagavi,Tumakuru,52.5,1247,Shortest,Cloudy,Medium,5.04,0.76,45.36,2026-02-18 11:00:00
T001164,D0019,V0092,Mangaluru,Belagavi,112.5,1559,Eco,Fog,Low,14.88,28.65,1116.0,2026-02-18 12:00:00
T001165,D0163,V0079,Hassan,Tumakuru,239.3,4239,Shortest,Clear,Medium,17.58,2.6,158.22,2026-02-18 13:00:00
T001166,D0395,V0193,Mandya,Tumakuru,36.4,6962,Shortest,Rain,Medium,3.03,8.18,287.85,2026-02-18 14:00:00
T001167,D0106,V0037,Tumakuru,Mysuru,23.4,8335,Fastest,Fog,High,5.26,13.85,499.7,2026-02-18 15:00:00
T001168,D0259,V0122,Mangaluru,Tumakuru,61.4,1353,Eco,Fog,High,8.81,23.32,836.95,2026-02-18 16:00:00
T001169,D0004,V0089,Mandya,Bengaluru,249.0,916,Shortest,Cloudy,Medium,24.35,3.59,219.15,2026-02-18 17:00:00
T001170,D0161,V0050,Mangaluru,Tumakuru,301.7,5770,Eco,Rain,Low,22.52,41.77,1689.0,2026-02-18 18:00:00
T001171,D0433,V0047,Mysuru,Mangaluru,252.5,8312,Fastest,Rain,Low,36.27,5.56,326.43,2026-02-18 19:00:00
T001172,D0334,V0126,Mandya,Tumakuru,54.1,7478,Shortest,Fog,Medium,4.72,9.09,354.0,2026-02-18 20:00:00
T001173,D0192,V0045,Mysuru,Hassan,108.5,2196,Eco,Cloudy,Low,11.52,22.32,864.0,2026-02-18 21:00:00
T001174,D0204,V0069,Bengaluru,Mysuru,349.0,8617,Fastest,Cloudy,High,75.1,142.8,5632.5,2026-02-18 22:00:00
T001175,D0006,V0009,Hassan,Tumakuru,312.7,5271,Shortest,Rain,High,30.99,72.7,3284.94,2026-02-18 23:00:00
T001176,D0222,V0062,Mysuru,Belagavi,286.8,9596,Fastest,Rain,Medium,23.69,3.43,213.21,2026-02-19 00:00:00
T001177,D0358,V0155,Mangaluru,Tumakuru,260.4,4087,Shortest,Rain,Low,41.98,98.65,4449.88,2026-02-19 01:00:00
T001178,D0065,V0111,Hubballi,Mysuru,134.9,7377,Eco,Fog,Low,19.02,44.09,2016.12,2026-02-19 02:00:00
T001179,D0371,V0001,Tumakuru,Mangaluru,267.1,8784,Shortest,Clear,Medium,56.3,108.31,4222.5,2026-02-19 03:00:00
T001180,D0024,V0043,Bengaluru,Hubballi,255.9,3550,Fastest,Cloudy,High,22.86,43.76,1714.5,2026-02-19 04:00:00
T001181,D0106,V0045,Hassan,Mysuru,316.6,607,Fastest,Cloudy,Low,31.2,58.11,2340.0,2026-02-19 05:00:00
T001182,D0438,V0104,Hassan,Mandya,113.6,8762,Shortest,Clear,Low,11.87,1.73,106.83,2026-02-19 06:00:00
T001183,D0416,V0138,Hassan,Tumakuru,323.3,936,Eco,Cloudy,Low,44.78,6.62,403.02,2026-02-19 07:00:00
T001184,D0465,V0157,Bengaluru,Tumakuru,277.4,2693,Fastest,Fog,Medium,25.05,3.8,225.45,2026-02-19 08:00:00
T001185,D0048,V0145,Mandya,Bengaluru,319.1,3828,Eco,Rain,High,46.69,126.86,4435.55,2026-02-19 09:00:00
T001186,D0243,V0082,Belagavi,Mandya,96.6,2976,Shortest,Fog,Medium,11.08,28.88,1052.6,2026-02-19 10:00:00
T001187,D0293,V0152,Hubballi,Bengaluru,168.0,3094,Shortest,Clear,Low,13.47,25.09,1010.25,2026-02-19 11:00:00
T001188,D0049,V0070,Mangaluru,Hubballi,96.0,3938,Shortest,Clear,Medium,21.56,40.37,1617.0,2026-02-19 12:00:00
T001189,D0355,V0190,Belagavi,Mangaluru,66.1,4617,Fastest,Cloudy,Medium,5.65,15.03,536.75,2026-02-19 13:00:00
T001190,D0022,V0111,Mandya,Hubballi,326.1,8572,Shortest,Fog,Medium,50.27,112.96,5328.62,2026-02-19 14:00:00
T001191,D0141,V0015,Bengaluru,Mandya,132.3,9015,Eco,Rain,Medium,32.91,60.75,2468.25,2026-02-19 15:00:00
T001192,D0247,V0033,Belagavi,Mysuru,153.5,3257,Eco,Rain,Medium,17.75,2.62,159.75,2026-02-19 16:00:00
T001193,D0094,V0091,Mandya,Mysuru,80.6,7147,Fastest,Clear,High,8.99,1.35,80.91,2026-02-19 17:00:00
T001194,D0292,V0147,Mandya,Belagavi,73.6,3367,Shortest,Clear,Medium,13.83,25.66,1037.25,2026-02-19 18:00:00
T001195,D0185,V0111,Bengaluru,Hassan,323.1,3681,Fastest,Clear,High,47.97,110.55,5084.82,2026-02-19 19:00:00
T001196,D0083,V0077,Hassan,Mysuru,142.3,8096,Fastest,Cloudy,Low,12.28,23.83,921.0,2026-02-19 20:00:00
T001197,D0243,V0112,Bengaluru,Hassan,152.0,2626,Eco,Fog,Low,9.9,1.45,89.1,2026-02-19 21:00:00
T001198,D0345,V0029,Tumakuru,Hassan,49.7,3868,Fastest,Cloudy,Low,3.31,0.49,29.79,2026-02-19 22:00:00
T001199,D0469,V0192,Hassan,Hubballi,52.7,3721,Eco,Rain,Low,4.39,0.67,39.51,2026-02-19 23:00:00
T001200,D0451,V0110,Hassan,Belagavi,102.8,1638,Eco,Clear,Medium,11.64,30.93,1105.8,2026-02-20 00:00:00
T001201,D0287,V0057,Hassan,Mysuru,118.9,7795,Eco,Cloudy,Medium,19.59,2.9,176.31,2026-02-20 01:00:00
T001202,D0390,V0003,Hassan,Mangaluru,291.9,3211,Eco,Fog,High,33.7,92.42,3201.5,2026-02-20 02:00:00
T001203,D0362,V0069,Tumakuru,Hubballi,174.3,1535,Shortest,Fog,High,41.17,77.74,3087.75,2026-02-20 03:00:00
T001204,D0400,V0152,Tumakuru,Mysuru,50.2,762,Fastest,Cloudy,Medium,3.86,7.5,289.5,2026-02-20 04:00:00
T001205,D0109,V0118,Hubballi,Mangaluru,51.0,1339,Eco,Rain,Medium,3.53,6.76,264.75,2026-02-20 05:00:00
T001206,D0284,V0018,Belagavi,Mysuru,244.2,6525,Shortest,Cloudy,Medium,19.57,44.9,2074.42,2026-02-20 06:00:00
T001207,D0021,V0179,Mandya,Mangaluru,298.2,7945,Shortest,Rain,Medium,24.15,56.32,2559.9,2026-02-20 07:00:00
T001208,D0261,V0063,Hassan,Hubballi,101.8,3961,Fastest,Fog,High,11.06,1.67,99.54,2026-02-20 08:00:00
T001209,D0211,V0122,Mysuru,Mangaluru,327.9,9914,Shortest,Cloudy,Medium,42.04,114.97,3993.8,2026-02-20 09:00:00
T001210,D0385,V0053,Mangaluru,Hubballi,217.3,9882,Eco,Fog,Medium,25.31,3.75,227.79,2026-02-20 10:00:00
T001211,D0327,V0078,Mangaluru,Belagavi,348.1,9855,Fastest,Clear,High,36.4,69.22,2730.0,2026-02-20 11:00:00
T001212,D0096,V0016,Hubballi,Mangaluru,258.7,1642,Eco,Fog,Low,45.57,6.83,410.13,2026-02-20 12:00:00
T001213,D0062,V0144,Mysuru,Hubballi,348.4,3021,Eco,Cloudy,Medium,44.57,121.13,4234.15,2026-02-20 13:00:00
T001214,D0016,V0053,Tumakuru,Mangaluru,106.6,9274,Shortest,Rain,Low,10.36,1.52,93.24,2026-02-20 14:00:00
T001215,D0014,V0098,Bengaluru,Mysuru,113.2,3443,Fastest,Fog,Medium,9.24,21.78,979.44,2026-02-20 15:00:00
T001216,D0348,V0190,Tumakuru,Hubballi,279.5,1734,Eco,Cloudy,High,23.55,63.7,2237.25,2026-02-20 16:00:00
T001217,D0195,V0167,Mysuru,Hassan,311.4,4638,Shortest,Clear,Low,48.57,109.24,5148.42,2026-02-20 17:00:00
T001218,D0323,V0077,Mysuru,Tumakuru,38.0,1196,Eco,Cloudy,Medium,2.51,4.88,188.25,2026-02-20 18:00:00
T001219,D0432,V0135,Mandya,Mangaluru,332.1,5845,Fastest,Rain,Medium,44.35,124.17,4213.25,2026-02-20 19:00:00
T001220,D0480,V0152,Belagavi,Mangaluru,111.0,2340,Shortest,Clear,Medium,9.84,19.07,738.0,2026-02-20 20:00:00
T001221,D0030,V0163,Bengaluru,Mangaluru,64.0,3370,Eco,Clear,Medium,6.3,17.37,598.5,2026-02-20 21:00:00
T001222,D0042,V0046,Tumakuru,Mandya,349.4,679,Shortest,Fog,Low,25.77,3.87,231.93,2026-02-20 22:00:00
T001223,D0094,V0142,Mysuru,Mandya,335.8,4862,Shortest,Cloudy,Low,28.89,4.19,260.01,2026-02-20 23:00:00
T001224,D0158,V0011,Mandya,Belagavi,116.9,6266,Eco,Cloudy,High,14.71,26.92,1103.25,2026-02-21 00:00:00
T001225,D0140,V0131,Tumakuru,Hubballi,25.4,9458,Fastest,Fog,High,2.91,7.84,276.45,2026-02-21 01:00:00
T001226,D0207,V0119,Mandya,Mysuru,337.0,9166,Eco,Clear,Medium,29.04,76.91,2758.8,2026-02-21 02:00:00
T001227,D0493,V0106,Bengaluru,Hassan,81.4,9735,Shortest,Cloudy,Low,8.29,1.22,74.61,2026-02-21 03:00:00
T001228,D0469,V0189,Hubballi,Tumakuru,345.1,9481,Fastest,Cloudy,High,76.48,145.13,5736.0,2026-02-21 04:00:00
T001229,D0127,V0066,Mandya,Hassan,322.4,9104,Fastest,Rain,Low,30.52,4.63,274.68,2026-02-21 05:00:00
T001230,D0006,V0008,Hassan,Belagavi,217.8,572,Fastest,Cloudy,Medium,14.36,37.37,1364.2,2026-02-21 06:00:00
T001231,D0446,V0073,Mysuru,Belagavi,120.6,9740,Fastest,Cloudy,Low,10.35,23.69,1097.1,2026-02-21 07:00:00
T001232,D0197,V0077,Mandya,Bengaluru,215.2,3117,Shortest,Rain,High,19.12,37.43,1434.0,2026-02-21 08:00:00
T001233,D0220,V0156,Mangaluru,Belagavi,96.6,2176,Shortest,Fog,Medium,6.96,15.73,737.76,2026-02-21 09:00:00
T001234,D0479,V0001,Mandya,Bengaluru,48.1,7849,Shortest,Cloudy,High,11.6,22.42,870.0,2026-02-21 10:00:00
T001235,D0132,V0031,Tumakuru,Belagavi,299.4,3176,Eco,Rain,Medium,22.2,58.92,2109.0,2026-02-21 11:00:00
T001236,D0032,V0058,Belagavi,Hassan,84.8,7365,Fastest,Fog,Medium,13.18,35.71,1252.1,2026-02-21 12:00:00
T001237,D0437,V0080,Hassan,Mysuru,171.7,5006,Eco,Cloudy,Medium,11.82,1.81,106.38,2026-02-21 13:00:00
T001238,D0429,V0121,Mandya,Belagavi,94.4,7275,Eco,Clear,High,10.14,27.58,963.3,2026-02-21 14:00:00
T001239,D0197,V0050,Mandya,Belagavi,197.6,4690,Fastest,Rain,Medium,16.31,31.55,1223.25,2026-02-21 15:00:00
T001240,D0410,V0159,Mysuru,Hassan,315.4,6929,Shortest,Rain,High,45.63,102.98,4836.78,2026-02-21 16:00:00
T001241,D0061,V0139,Hassan,Belagavi,284.4,5026,Fastest,Rain,Medium,61.77,119.98,4632.75,2026-02-21 17:00:00
T001242,D0264,V0096,Hubballi,Hassan,273.8,9412,Shortest,Clear,Low,21.2,55.85,2014.0,2026-02-21 18:00:00
T001243,D0145,V0178,Hubballi,Mandya,72.0,7665,Shortest,Clear,Medium,5.51,10.52,413.25,2026-02-21 19:00:00
T001244,D0250,V0011,Belagavi,Mandya,107.0,8783,Shortest,Clear,Medium,11.05,21.1,828.75,2026-02-21 20:00:00
T001245,D0194,V0026,Tumakuru,Belagavi,93.4,2076,Eco,Cloudy,Medium,6.43,0.97,57.87,2026-02-21 21:00:00
T001246,D0345,V0041,Mysuru,Mangaluru,236.5,2904,Fastest,Fog,High,33.44,77.77,3544.64,2026-02-21 22:00:00
T001247,D0459,V0051,Belagavi,Mangaluru,250.4,1809,Eco,Cloudy,High,54.32,8.01,488.88,2026-02-21 23:00:00
T001248,D0128,V0084,Belagavi,Hubballi,147.9,9940,Eco,Fog,Low,14.11,36.79,1340.45,2026-02-22 00:00:00
T001249,D0170,V0014,Belagavi,Bengaluru,91.3,6944,Fastest,Fog,Low,20.3,47.71,2151.8,2026-02-22 01:00:00
T001250,D0441,V0056,Hubballi,Mandya,296.3,1217,Shortest,Clear,Low,26.67,71.74,2533.65,2026-02-22 02:00:00
T001251,D0292,V0120,Tumakuru,Mandya,72.2,6507,Fastest,Fog,Medium,7.46,20.45,708.7,2026-02-22 03:00:00
T001252,D0416,V0070,Mangaluru,Belagavi,332.7,2745,Fastest,Rain,Medium,86.79,164.75,6509.25,2026-02-22 04:00:00
T001253,D0323,V0090,Bengaluru,Hubballi,205.1,9173,Fastest,Fog,Medium,17.33,38.91,1836.98,2026-02-22 05:00:00
T001254,D0359,V0105,Mangaluru,Mysuru,60.7,6724,Fastest,Clear,Medium,4.89,0.75,44.01,2026-02-22 06:00:00
T001255,D0068,V0051,Belagavi,Hubballi,231.3,6288,Fastest,Fog,Low,52.94,7.88,476.46,2026-02-22 07:00:00
T001256,D0178,V0135,Mysuru,Tumakuru,184.0,7709,Shortest,Fog,Low,25.15,67.86,2389.25,2026-02-22 08:00:00
T001257,D0050,V0175,Bengaluru,Hubballi,143.9,5740,Shortest,Rain,Low,13.91,2.06,125.19,2026-02-22 09:00:00
T001258,D0110,V0110,Hubballi,Hassan,338.3,5908,Eco,Fog,High,60.81,168.33,5776.95,2026-02-22 10:00:00
T001259,D0396,V0048,Hubballi,Tumakuru,335.1,4479,Shortest,Fog,Low,31.19,58.22,2339.25,2026-02-22 11:00:00
T001260,D0112,V0049,Mandya,Mysuru,28.4,2853,Shortest,Fog,Low,3.42,7.85,362.52,2026-02-22 12:00:00
T001261,D0193,V0159,Mandya,Hassan,99.2,3561,Eco,Fog,Medium,12.44,28.8,1318.64,2026-02-22 13:00:00
T001262,D0001,V0017,Hassan,Hubballi,80.2,7435,Shortest,Rain,High,11.07,25.01,1173.42,2026-02-22 14:00:00
T001263,D0442,V0022,Mandya,Mangaluru,23.0,5878,Eco,Rain,Medium,2.44,6.58,231.8,2026-02-22 15:00:00
T001264,D0110,V0173,Mysuru,Bengaluru,21.2,3035,Fastest,Rain,Low,2.48,4.86,186.0,2026-02-22 16:00:00
T001265,D0206,V0077,Hassan,Bengaluru,156.7,8333,Fastest,Clear,Medium,13.2,24.83,990.0,2026-02-22 17:00:00
T001266,D0373,V0010,Mandya,Mangaluru,186.1,8248,Shortest,Rain,Low,24.26,3.67,218.34,2026-02-22 18:00:00
T001267,D0426,V0041,Mandya,Tumakuru,169.6,725,Fastest,Clear,Medium,16.98,37.07,1799.88,2026-02-22 19:00:00
T001268,D0301,V0054,Mysuru,Hassan,209.3,2211,Shortest,Fog,High,23.71,45.01,1778.25,2026-02-22 20:00:00
T001269,D0008,V0073,Hubballi,Bengaluru,214.5,3900,Fastest,Rain,Medium,20.77,47.68,2201.62,2026-02-22 21:00:00
T001270,D0444,V0027,Mysuru,Mandya,53.3,5899,Shortest,Clear,High,7.19,1.06,64.71,2026-02-22 22:00:00
T001271,D0154,V0045,Mandya,Mysuru,320.2,3147,Eco,Rain,Medium,43.1,83.66,3232.5,2026-02-22 23:00:00
T001272,D0169,V0169,Mandya,Mysuru,168.6,9456,Eco,Fog,Low,15.79,2.35,142.11,2026-02-23 00:00:00
T001273,D0013,V0193,Mangaluru,Hassan,121.0,5817,Shortest,Rain,Medium,10.19,27.21,968.05,2026-02-23 01:00:00
T001274,D0031,V0147,Belagavi,Mysuru,86.4,2805,Eco,Clear,High,17.95,33.85,1346.25,2026-02-23 02:00:00
T001275,D0168,V0193,Hubballi,Mandya,129.1,6373,Eco,Fog,Medium,11.49,29.61,1091.55,2026-02-23 03:00:00
T001276,D0350,V0015,Belagavi,Mandya,191.9,6355,Fastest,Cloudy,Medium,40.36,74.95,3027.0,2026-02-23 04:00:00
T001277,D0271,V0105,Belagavi,Mandya,21.6,9255,Eco,Cloudy,Low,1.67,0.26,15.03,2026-02-23 05:00:00
T001278,D0470,V0055,Hubballi,Mysuru,35.0,8899,Shortest,Rain,Low,5.85,15.02,555.75,2026-02-23 06:00:00
T001279,D0395,V0111,Tumakuru,Hubballi,42.8,1584,Shortest,Clear,High,5.82,13.24,616.92,2026-02-23 07:00:00
T001280,D0163,V0011,Mysuru,Mandya,139.7,8102,Fastest,Clear,Medium,14.61,27.54,1095.75,2026-02-23 08:00:00
T001281,D0425,V0161,Hassan,Mangaluru,102.9,9486,Fastest,Rain,High,15.0,29.49,1125.0,2026-02-23 09:00:00
T001282,D0267,V0072,Bengaluru,Belagavi,97.0,787,Eco,Cloudy,Medium,7.38,17.31,782.28,2026-02-23 10:00:00
T001283,D0159,V0018,Hubballi,Hassan,139.6,8912,Eco,Clear,High,11.51,26.29,1220.06,2026-02-23 11:00:00
T001284,D0264,V0071,Mandya,Belagavi,220.1,2237,Shortest,Fog,High,22.91,44.66,1718.25,2026-02-23 12:00:00
T001285,D0430,V0124,Hubballi,Mangaluru,225.5,5292,Shortest,Fog,Medium,43.89,82.16,3291.75,2026-02-23 13:00:00
T001286,D0277,V0129,Mysuru,Hassan,50.4,2950,Eco,Clear,Medium,6.1,11.82,457.5,2026-02-23 14:00:00
T001287,D0074,V0057,Bengaluru,Tumakuru,326.2,8262,Fastest,Fog,High,68.82,10.04,619.38,2026-02-23 15:00:00
T001288,D0422,V0070,Bengaluru,Mysuru,253.8,9382,Shortest,Fog,Medium,66.03,128.15,4952.25,2026-02-23 16:00:00
T001289,D0104,V0152,Mysuru,Hubballi,281.1,9098,Fastest,Rain,Medium,29.77,56.1,2232.75,2026-02-23 17:00:00
T001290,D0298,V0078,Mysuru,Hassan,212.5,6555,Shortest,Clear,High,21.0,39.08,1575.0,2026-02-23 18:00:00
T001291,D0351,V0123,Belagavi,Hassan,87.8,7030,Fastest,Cloudy,Low,5.74,15.32,545.3,2026-02-23 19:00:00
T001292,D0332,V0139,Mysuru,Mangaluru,309.9,9068,Shortest,Cloudy,High,71.99,137.54,5399.25,2026-02-23 20:00:00
T001293,D0025,V0117,Hubballi,Hassan,256.0,2661,Fastest,Clear,Low,27.5,72.97,2612.5,2026-02-23 21:00:00
T001294,D0366,V0081,Hubballi,Mangaluru,120.3,1224,Eco,Clear,Low,8.35,22.63,793.25,2026-02-23 22:00:00
T001295,D0431,V0169,Belagavi,Bengaluru,284.1,4072,Fastest,Clear,Low,19.89,2.95,179.01,2026-02-23 23:00:00
T001296,D0141,V0182,Belagavi,Tumakuru,219.2,5090,Eco,Cloudy,High,44.67,6.78,402.03,2026-02-24 00:00:00
T001297,D0332,V0083,Belagavi,Bengaluru,235.0,1306,Fastest,Cloudy,Low,32.41,62.12,2430.75,2026-02-24 01:00:00
T001298,D0119,V0164,Belagavi,Hubballi,168.6,5457,Shortest,Clear,Low,15.68,2.35,141.12,2026-02-24 02:00:00
T001299,D0222,V0056,Hubballi,Mangaluru,302.6,2707,Shortest,Clear,Low,30.51,81.04,2898.45,2026-02-24 03:00:00
T001300,D0225,V0060,Mangaluru,Hassan,253.1,2211,Shortest,Cloudy,High,26.09,3.93,234.81,2026-02-24 04:00:00
T001301,D0154,V0024,Tumakuru,Hubballi,74.0,6658,Shortest,Cloudy,Low,7.36,14.14,552.0,2026-02-24 05:00:00
T001302,D0131,V0100,Hassan,Mandya,116.2,3394,Shortest,Fog,High,11.04,21.84,828.0,2026-02-24 06:00:00
T001303,D0460,V0043,Mysuru,Tumakuru,41.0,1760,Shortest,Clear,Low,2.79,5.4,209.25,2026-02-24 07:00:00
T001304,D0303,V0066,Tumakuru,Belagavi,110.2,9715,Fastest,Clear,High,11.69,1.79,105.21,2026-02-24 08:00:00
T001305,D0493,V0163,Hassan,Mysuru,274.3,6199,Shortest,Cloudy,Medium,27.59,78.51,2621.05,2026-02-24 09:00:00
T001306,D0212,V0112,Hubballi,Hassan,171.7,1777,Fastest,Fog,Medium,11.36,1.72,102.24,2026-02-24 10:00:00
T001307,D0302,V0140,Mandya,Mysuru,244.4,1149,Fastest,Rain,High,38.91,105.29,3696.45,2026-02-24 11:00:00
T001308,D0077,V0163,Bengaluru,Mysuru,176.5,5487,Eco,Clear,Medium,18.25,49.6,1733.75,2026-02-24 12:00:00
T001309,D0072,V0097,Belagavi,Mandya,301.0,1360,Fastest,Fog,Medium,52.0,117.7,5512.0,2026-02-24 13:00:00
T001310,D0351,V0113,Mangaluru,Mandya,212.3,6654,Eco,Cloudy,Medium,22.13,3.29,199.17,2026-02-24 14:00:00
T001311,D0400,V0074,Mangaluru,Mandya,41.0,4691,Shortest,Cloudy,Medium,3.51,6.6,263.25,2026-02-24 15:00:00
T001312,D0352,V0124,Mysuru,Hassan,325.3,5290,Shortest,Clear,Medium,55.41,106.64,4155.75,2026-02-24 16:00:00
T001313,D0008,V0150,Mangaluru,Mysuru,41.0,5779,Eco,Clear,Medium,3.64,0.54,32.76,2026-02-24 17:00:00
T001314,D0044,V0080,Bengaluru,Mysuru,53.0,3877,Shortest,Fog,Low,3.82,0.57,34.38,2026-02-24 18:00:00
T001315,D0024,V0158,Bengaluru,Tumakuru,283.5,7141,Shortest,Fog,Low,22.98,44.61,1723.5,2026-02-24 19:00:00
T001316,D0474,V0185,Bengaluru,Mandya,305.0,1681,Eco,Cloudy,Low,35.84,84.22,3799.04,2026-02-24 20:00:00
T001317,D0010,V0173,Hubballi,Belagavi,130.6,5848,Fastest,Rain,High,19.56,37.04,1467.0,2026-02-24 21:00:00
T001318,D0049,V0103,Mysuru,Hassan,125.5,7453,Fastest,Cloudy,Low,20.14,53.25,1913.3,2026-02-24 22:00:00
T001319,D0336,V0008,Mandya,Mysuru,239.4,2066,Shortest,Fog,Low,16.54,45.33,1571.3,2026-02-24 23:00:00
T001320,D0194,V0030,Mysuru,Mandya,95.2,4017,Fastest,Cloudy,High,20.01,3.05,180.09,2026-02-25 00:00:00
T001321,D0407,V0002,Hubballi,Mandya,274.9,3338,Eco,Fog,Medium,26.34,58.89,2792.04,2026-02-25 01:00:00
T001322,D0294,V0141,Belagavi,Mangaluru,318.6,6406,Fastest,Rain,High,55.18,104.19,4138.5,2026-02-25 02:00:00
T001323,D0190,V0064,Mangaluru,Tumakuru,299.5,8870,Fastest,Fog,Low,24.78,66.63,2354.1,2026-02-25 03:00:00
T001324,D0223,V0185,Mangaluru,Mysuru,115.2,5706,Shortest,Rain,Medium,14.92,35.0,1581.52,2026-02-25 04:00:00
T001325,D0473,V0152,Mangaluru,Hubballi,102.4,2969,Eco,Fog,Medium,10.73,20.76,804.75,2026-02-25 05:00:00
T001326,D0281,V0085,Hassan,Mandya,109.6,8695,Shortest,Rain,Medium,11.25,26.14,1192.5,2026-02-25 06:00:00
T001327,D0050,V0091,Hassan,Mangaluru,220.8,4179,Shortest,Clear,Medium,20.41,3.1,183.69,2026-02-25 07:00:00
T001328,D0354,V0043,Belagavi,Hubballi,88.7,566,Fastest,Clear,Medium,5.8,11.03,435.0,2026-02-25 08:00:00
T001329,D0204,V0051,Tumakuru,Mangaluru,88.6,5379,Eco,Clear,Medium,19.2,2.84,172.8,2026-02-25 09:00:00
T001330,D0056,V0118,Mangaluru,Belagavi,153.8,2772,Shortest,Cloudy,High,12.01,22.7,900.75,2026-02-25 10:00:00
T001331,D0150,V0146,Mysuru,Hubballi,56.2,8039,Fastest,Fog,High,6.46,0.97,58.14,2026-02-25 11:00:00
T001332,D0403,V0198,Mysuru,Bengaluru,54.6,9858,Fastest,Cloudy,Medium,9.45,21.81,1001.7,2026-02-25 12:00:00
T001333,D0215,V0124,Hassan,Mysuru,109.8,3860,Shortest,Fog,High,24.15,44.15,1811.25,2026-02-25 13:00:00
T001334,D0047,V0027,Hubballi,Hassan,218.2,7061,Fastest,Rain,High,32.78,4.88,295.02,2026-02-25 14:00:00
T001335,D0475,V0031,Mandya,Bengaluru,69.7,7122,Shortest,Fog,Medium,5.99,16.07,569.05,2026-02-25 15:00:00
T001336,D0284,V0067,Hassan,Mandya,185.6,3054,Fastest,Rain,Medium,14.1,32.39,1494.6,2026-02-25 16:00:00
T001337,D0404,V0124,Mysuru,Mandya,323.9,2120,Shortest,Clear,Medium,51.58,97.52,3868.5,2026-02-25 17:00:00
T001338,D0497,V0134,Bengaluru,Mandya,120.1,9603,Shortest,Clear,Low,17.92,48.49,1702.4,2026-02-25 18:00:00
T001339,D0435,V0131,Mysuru,Belagavi,326.7,6537,Eco,Fog,Medium,38.06,99.8,3615.7,2026-02-25 19:00:00
T001340,D0128,V0165,Mysuru,Hubballi,345.3,2986,Fastest,Rain,Low,40.49,90.49,4291.94,2026-02-25 20:00:00
T001341,D0173,V0043,Hubballi,Mangaluru,81.2,5794,Fastest,Rain,Medium,7.1,13.4,532.5,2026-02-25 21:00:00
T001342,D0270,V0092,Mysuru,Hubballi,174.0,7478,Eco,Rain,High,32.25,62.21,2418.75,2026-02-25 22:00:00
T001343,D0188,V0094,Mangaluru,Hassan,169.0,8771,Eco,Fog,Low,23.27,64.47,2210.65,2026-02-25 23:00:00
T001344,D0012,V0170,Mangaluru,Hassan,141.1,1201,Fastest,Clear,Medium,23.76,45.85,1782.0,2026-02-26 00:00:00
T001345,D0449,V0002,Mandya,Hassan,33.4,556,Shortest,Fog,Low,2.78,6.23,294.68,2026-02-26 01:00:00
T001346,D0180,V0169,Bengaluru,Tumakuru,154.5,3143,Fastest,Clear,Low,11.53,1.72,103.77,2026-02-26 02:00:00
T001347,D0001,V0070,Mandya,Mangaluru,83.6,2011,Fastest,Rain,Low,18.53,35.39,1389.75,2026-02-26 03:00:00
T001348,D0164,V0200,Mangaluru,Hubballi,29.8,7758,Fastest,Rain,Low,2.36,6.35,224.2,2026-02-26 04:00:00
T001349,D0124,V0008,Mangaluru,Hassan,203.7,2591,Shortest,Fog,High,19.5,52.82,1852.5,2026-02-26 05:00:00
T001350,D0135,V0074,Mangaluru,Belagavi,270.5,8192,Shortest,Clear,High,26.32,49.09,1974.0,2026-02-26 06:00:00
T001351,D0329,V0182,Hassan,Bengaluru,147.2,908,Shortest,Fog,High,27.4,4.12,246.6,2026-02-26 07:00:00
T001352,D0295,V0004,Belagavi,Mandya,327.3,5725,Eco,Fog,High,59.05,8.93,531.45,2026-02-26 08:00:00
T001353,D0494,V0111,Tumakuru,Mysuru,210.1,9780,Shortest,Fog,High,35.29,82.87,3740.74,2026-02-26 09:00:00
T001354,D0388,V0070,Bengaluru,Tumakuru,129.4,6582,Eco,Cloudy,Medium,29.95,55.99,2246.25,2026-02-26 10:00:00
T001355,D0326,V0006,Tumakuru,Mangaluru,316.6,8889,Eco,Rain,Low,62.22,9.27,559.98,2026-02-26 11:00:00
T001356,D0145,V0173,Belagavi,Hubballi,320.1,3517,Fastest,Clear,High,42.92,77.14,3219.0,2026-02-26 12:00:00
T001357,D0308,V0028,Mandya,Hassan,56.5,5867,Shortest,Cloudy,Medium,6.9,15.74,731.4,2026-02-26 13:00:00
T001358,D0114,V0169,Mandya,Hassan,74.3,2865,Shortest,Cloudy,Low,5.11,0.76,45.99,2026-02-26 14:00:00
T001359,D0310,V0112,Mandya,Mangaluru,147.7,6927,Fastest,Clear,Low,9.09,1.34,81.81,2026-02-26 15:00:00
T001360,D0184,V0176,Mandya,Bengaluru,119.7,4444,Shortest,Cloudy,Low,9.66,25.97,917.7,2026-02-26 16:00:00
T001361,D0081,V0129,Mangaluru,Belagavi,30.9,1239,Eco,Cloudy,High,3.94,7.48,295.5,2026-02-26 17:00:00
T001362,D0116,V0126,Mysuru,Mangaluru,99.0,8482,Fastest,Rain,High,10.55,19.14,791.25,2026-02-26 18:00:00
T001363,D0253,V0017,Mandya,Belagavi,132.4,8923,Shortest,Rain,High,17.39,40.34,1843.34,2026-02-26 19:00:00
T001364,D0493,V0099,Mangaluru,Hubballi,285.3,8179,Eco,Cloudy,Low,22.16,50.24,2348.96,2026-02-26 20:00:00
T001365,D0101,V0174,Belagavi,Bengaluru,278.2,2210,Fastest,Rain,Medium,29.33,68.41,3108.98,2026-02-26 21:00:00
T001366,D0045,V0180,Hubballi,Bengaluru,61.3,5761,Eco,Cloudy,High,6.04,11.18,453.0,2026-02-26 22:00:00
T001367,D0198,V0162,Hubballi,Hassan,226.6,8328,Shortest,Fog,Low,47.61,7.15,428.49,2026-02-26 23:00:00
T001368,D0263,V0095,Mysuru,Belagavi,65.6,7284,Fastest,Rain,High,16.38,2.44,147.42,2026-02-27 00:00:00
T001369,D0386,V0138,Hassan,Tumakuru,294.0,9750,Shortest,Cloudy,High,61.56,9.29,554.04,2026-02-27 01:00:00
T001370,D0366,V0067,Hubballi,Hassan,222.2,2192,Eco,Fog,High,19.09,44.21,2023.54,2026-02-27 02:00:00
T001371,D0412,V0091,Mandya,Bengaluru,51.1,3181,Shortest,Clear,Medium,4.26,0.64,38.34,2026-02-27 03:00:00
T001372,D0487,V0094,Mandya,Hassan,124.3,6926,Eco,Cloudy,Medium,16.55,42.99,1572.25,2026-02-27 04:00:00
T001373,D0012,V0079,Mandya,Hassan,288.7,7164,Shortest,Rain,Low,23.01,3.35,207.09,2026-02-27 05:00:00
T001374,D0393,V0033,Mangaluru,Belagavi,56.3,7828,Eco,Clear,Medium,5.27,0.78,47.43,2026-02-27 06:00:00
T001375,D0224,V0169,Tumakuru,Belagavi,65.7,6582,Fastest,Clear,Medium,5.13,0.77,46.17,2026-02-27 07:00:00
T001376,D0336,V0014,Belagavi,Hubballi,309.5,8019,Fastest,Rain,High,82.8,188.94,8776.8,2026-02-27 08:00:00
T001377,D0033,V0184,Mandya,Hubballi,38.5,6966,Eco,Rain,Medium,4.08,0.62,36.72,2026-02-27 09:00:00
T001378,D0014,V0013,Hubballi,Mysuru,21.4,8986,Eco,Cloudy,Low,2.88,6.62,305.28,2026-02-27 10:00:00
T001379,D0371,V0190,Hubballi,Bengaluru,332.5,1905,Shortest,Fog,Medium,30.59,80.4,2906.05,2026-02-27 11:00:00
T001380,D0291,V0184,Mandya,Bengaluru,205.6,1351,Fastest,Fog,Medium,21.45,3.2,193.05,2026-02-27 12:00:00
T001381,D0244,V0089,Bengaluru,Mysuru,55.7,9193,Shortest,Fog,Low,6.81,1.03,61.29,2026-02-27 13:00:00
T001382,D0140,V0062,Bengaluru,Hassan,104.2,1546,Eco,Rain,Low,6.59,0.99,59.31,2026-02-27 14:00:00
T001383,D0164,V0091,Mysuru,Hassan,190.0,8785,Fastest,Rain,Medium,21.0,3.27,189.0,2026-02-27 15:00:00
T001384,D0493,V0156,Belagavi,Hubballi,289.2,1109,Fastest,Clear,Low,16.76,38.2,1776.56,2026-02-27 16:00:00
T001385,D0265,V0100,Hassan,Tumakuru,251.6,7451,Shortest,Clear,Medium,19.38,36.77,1453.5,2026-02-27 17:00:00
T001386,D0369,V0083,Hassan,Hubballi,85.7,960,Eco,Fog,Low,14.29,27.38,1071.75,2026-02-27 18:00:00
T001387,D0127,V0149,Belagavi,Mangaluru,69.5,8842,Fastest,Rain,Low,14.19,26.95,1064.25,2026-02-27 19:00:00
T001388,D0249,V0155,Mangaluru,Tumakuru,288.7,3908,Fastest,Fog,High,58.74,134.33,6226.44,2026-02-27 20:00:00
T001389,D0163,V0018,Hubballi,Hassan,215.5,6578,Shortest,Cloudy,Medium,17.99,40.27,1906.94,2026-02-27 21:00:00
T001390,D0454,V0185,Belagavi,Hubballi,82.8,630,Shortest,Fog,Low,9.78,22.36,1036.68,2026-02-27 22:00:00
T001391,D0066,V0178,Mysuru,Bengaluru,310.0,8376,Shortest,Cloudy,Medium,22.59,42.0,1694.25,2026-02-27 23:00:00
T001392,D0149,V0126,Mandya,Hubballi,303.0,4048,Shortest,Rain,High,29.56,54.22,2217.0,2026-02-28 00:00:00
T001393,D0193,V0094,Hubballi,Bengaluru,243.7,7618,Eco,Fog,Low,32.26,85.08,3064.7,2026-02-28 01:00:00
T001394,D0083,V0073,Tumakuru,Belagavi,107.8,2767,Shortest,Rain,Low,9.38,21.21,994.28,2026-02-28 02:00:00
T001395,D0011,V0093,Mysuru,Belagavi,105.3,5161,Eco,Clear,Medium,16.53,31.77,1239.75,2026-02-28 03:00:00
T001396,D0005,V0008,Mysuru,Bengaluru,42.9,8756,Fastest,Cloudy,Medium,3.58,9.71,340.1,2026-02-28 04:00:00
T001397,D0252,V0023,Hassan,Mysuru,125.2,3562,Fastest,Cloudy,Medium,25.7,47.95,1927.5,2026-02-28 05:00:00
T001398,D0047,V0127,Tumakuru,Hubballi,294.5,2772,Shortest,Clear,Low,23.9,45.17,1792.5,2026-02-28 06:00:00
T001399,D0416,V0009,Mandya,Hubballi,184.4,2814,Fastest,Clear,Low,13.09,29.11,1387.54,2026-02-28 07:00:00
T001400,D0489,V0167,Mangaluru,Mandya,88.8,3824,Shortest,Clear,Medium,15.07,34.47,1597.42,2026-02-28 08:00:00
T001401,D0020,V0151,Hassan,Belagavi,24.2,1358,Shortest,Clear,High,1.95,0.29,17.55,2026-02-28 09:00:00
T001402,D0358,V0072,Bengaluru,Mandya,193.8,1556,Eco,Cloudy,Medium,16.1,37.8,1706.6,2026-02-28 10:00:00
T001403,D0088,V0137,Belagavi,Hassan,160.2,905,Shortest,Fog,Medium,14.13,32.17,1497.78,2026-02-28 11:00:00
T001404,D0434,V0001,Tumakuru,Belagavi,171.4,6193,Shortest,Rain,Medium,38.78,75.23,2908.5,2026-02-28 12:00:00
T001405,D0230,V0159,Bengaluru,Belagavi,222.2,8754,Eco,Cloudy,High,28.45,63.73,3015.7,2026-02-28 13:00:00
T001406,D0219,V0123,Mangaluru,Hubballi,29.5,2110,Shortest,Fog,Medium,2.27,5.93,215.65,2026-02-28 14:00:00
T001407,D0474,V0103,Mangaluru,Bengaluru,49.0,3316,Shortest,Cloudy,Medium,8.51,23.13,808.45,2026-02-28 15:00:00
T001408,D0087,V0048,Hassan,Tumakuru,232.4,9516,Shortest,Fog,Medium,25.42,49.91,1906.5,2026-02-28 16:00:00
T001409,D0223,V0083,Mandya,Hassan,132.7,8626,Eco,Fog,Low,26.56,50.96,1992.0,2026-02-28 17:00:00
T001410,D0248,V0142,Tumakuru,Bengaluru,275.2,3587,Shortest,Fog,Medium,27.8,4.17,250.2,2026-02-28 18:00:00
T001411,D0447,V0167,Mysuru,Belagavi,342.4,6415,Fastest,Clear,Low,58.71,129.67,6223.26,2026-02-28 19:00:00
T001412,D0009,V0199,Belagavi,Mandya,231.0,2814,Shortest,Cloudy,High,22.02,48.81,2334.12,2026-02-28 20:00:00
T001413,D0339,V0165,Bengaluru,Tumakuru,110.8,6146,Fastest,Clear,Medium,12.74,29.51,1350.44,2026-02-28 21:00:00
T001414,D0482,V0035,Mandya,Bengaluru,24.5,4787,Fastest,Cloudy,Low,3.78,0.56,34.02,2026-02-28 22:00:00
T001415,D0391,V0071,Tumakuru,Bengaluru,250.1,5498,Eco,Clear,High,25.42,47.23,1906.5,2026-02-28 23:00:00
T001416,D0113,V0066,Belagavi,Hubballi,88.7,5911,Shortest,Rain,Medium,8.08,1.21,72.72,2026-03-01 00:00:00
T001417,D0482,V0091,Tumakuru,Mangaluru,85.4,9462,Eco,Cloudy,High,10.84,1.63,97.56,2026-03-01 01:00:00
T001418,D0269,V0121,Mandya,Bengaluru,304.0,574,Shortest,Fog,Medium,31.36,85.63,2979.2,2026-03-01 02:00:00
T001419,D0017,V0092,Tumakuru,Mysuru,307.5,889,Shortest,Rain,High,51.16,97.47,3837.0,2026-03-01 03:00:00
T001420,D0089,V0195,Mandya,Hubballi,291.5,3713,Shortest,Cloudy,Medium,30.78,4.73,277.02,2026-03-01 04:00:00
T001421,D0474,V0008,Mangaluru,Hubballi,227.5,1539,Eco,Cloudy,High,17.19,46.08,1633.05,2026-03-01 05:00:00
T001422,D0108,V0088,Tumakuru,Mandya,27.6,4218,Fastest,Clear,Medium,4.42,11.82,419.9,2026-03-01 06:00:00
T001423,D0073,V0062,Mangaluru,Mysuru,46.0,6276,Shortest,Clear,Low,3.41,0.52,30.69,2026-03-01 07:00:00
T001424,D0187,V0127,Hubballi,Mysuru,286.0,4160,Shortest,Clear,High,30.96,57.67,2322.0,2026-03-01 08:00:00
T001425,D0119,V0083,Bengaluru,Belagavi,219.2,2036,Fastest,Clear,High,39.37,79.01,2952.75,2026-03-01 09:00:00
T001426,D0234,V0052,Hubballi,Mysuru,176.4,4554,Eco,Clear,Medium,30.7,71.45,3254.2,2026-03-01 10:00:00
T001427,D0015,V0132,Mandya,Belagavi,160.4,4719,Shortest,Cloudy,Medium,20.23,3.06,182.07,2026-03-01 11:00:00
T001428,D0224,V0191,Hubballi,Mysuru,26.7,8594,Fastest,Rain,Low,5.46,10.48,409.5,2026-03-01 12:00:00
T001429,D0144,V0059,Hubballi,Hassan,95.1,9200,Shortest,Cloudy,Low,11.9,23.46,892.5,2026-03-01 13:00:00
T001430,D0090,V0185,Hassan,Tumakuru,118.3,4391,Fastest,Cloudy,High,17.09,40.1,1811.54,2026-03-01 14:00:00
T001431,D0459,V0022,Mangaluru,Mandya,214.9,9041,Shortest,Rain,Low,21.5,55.77,2042.5,2026-03-01 15:00:00
T001432,D0329,V0028,Mandya,Hubballi,343.8,5754,Fastest,Clear,High,44.59,105.89,4726.54,2026-03-01 16:00:00
T001433,D0351,V0158,Belagavi,Mysuru,302.9,1866,Shortest,Fog,Low,21.51,40.59,1613.25,2026-03-01 17:00:00
T001434,D0396,V0007,Mangaluru,Hassan,91.9,6381,Fastest,Fog,Low,14.29,33.08,1514.74,2026-03-01 18:00:00
T001435,D0027,V0003,Mysuru,Hassan,304.9,3409,Fastest,Rain,Medium,30.62,79.96,2908.9,2026-03-01 19:00:00
T001436,D0390,V0102,Mangaluru,Bengaluru,76.1,1273,Fastest,Fog,Medium,16.28,38.0,1725.68,2026-03-01 20:00:00
T001437,D0404,V0109,Mangaluru,Mandya,226.4,9375,Shortest,Cloudy,Low,19.05,2.82,171.45,2026-03-01 21:00:00
T001438,D0280,V0080,Mangaluru,Bengaluru,100.4,3116,Fastest,Clear,Low,5.38,0.81,48.42,2026-03-01 22:00:00
T001439,D0063,V0186,Hassan,Hubballi,261.3,7235,Fastest,Fog,High,28.22,53.31,2116.5,2026-03-01 23:00:00
T001440,D0249,V0110,Hubballi,Tumakuru,24.2,8399,Fastest,Rain,High,4.3,11.97,408.5,2026-03-02 00:00:00
T001441,D0407,V0168,Bengaluru,Tumakuru,57.7,9234,Shortest,Rain,Low,7.45,17.89,789.7,2026-03-02 01:00:00
T001442,D0311,V0121,Tumakuru,Belagavi,232.1,2822,Shortest,Rain,Medium,22.82,61.21,2167.9,2026-03-02 02:00:00
T001443,D0434,V0109,Belagavi,Mangaluru,245.8,4440,Shortest,Fog,Low,20.48,3.08,184.32,2026-03-02 03:00:00
T001444,D0434,V0135,Mangaluru,Mandya,183.2,8328,Shortest,Cloudy,High,29.28,77.88,2781.6,2026-03-02 04:00:00
T001445,D0218,V0053,Tumakuru,Mandya,279.9,4078,Fastest,Cloudy,Medium,24.99,3.83,224.91,2026-03-02 05:00:00
T001446,D0378,V0108,Mangaluru,Mysuru,117.5,3894,Eco,Fog,High,11.36,1.69,102.24,2026-03-02 06:00:00
T001447,D0015,V0072,Bengaluru,Mandya,144.5,9368,Fastest,Cloudy,Low,13.7,31.38,1452.2,2026-03-02 07:00:00
T001448,D0330,V0043,Mandya,Belagavi,335.1,8406,Fastest,Clear,High,34.08,66.02,2556.0,2026-03-02 08:00:00
T001449,D0263,V0041,Mandya,Mangaluru,51.1,5100,Eco,Cloudy,Low,5.28,12.07,559.68,2026-03-02 09:00:00
T001450,D0245,V0073,Belagavi,Mandya,243.5,7853,Shortest,Rain,High,26.64,61.49,2823.84,2026-03-02 10:00:00
T001451,D0222,V0020,Mangaluru,Hassan,137.5,8569,Fastest,Clear,Low,22.48,3.27,202.32,2026-03-02 11:00:00
T001452,D0230,V0046,Mysuru,Mandya,216.8,7289,Fastest,Rain,Medium,19.3,2.94,173.7,2026-03-02 12:00:00
T001453,D0272,V0043,Hassan,Mangaluru,301.5,1275,Fastest,Clear,Medium,21.38,42.2,1603.5,2026-03-02 13:00:00
T001454,D0472,V0031,Mandya,Bengaluru,148.4,4466,Fastest,Cloudy,Medium,10.2,27.73,969.0,2026-03-02 14:00:00
T001455,D0152,V0096,Bengaluru,Mandya,177.2,8952,Eco,Rain,High,20.5,56.55,1947.5,2026-03-02 15:00:00
T001456,D0055,V0113,Hassan,Mangaluru,228.6,4961,Fastest,Rain,Medium,25.03,3.69,225.27,2026-03-02 16:00:00
T001457,D0420,V0181,Tumakuru,Belagavi,182.9,3485,Shortest,Cloudy,Low,13.09,24.99,981.75,2026-03-02 17:00:00
T001458,D0161,V0100,Hassan,Hubballi,274.9,4065,Fastest,Cloudy,Low,21.3,39.71,1597.5,2026-03-02 18:00:00
T001459,D0323,V0072,Hubballi,Mangaluru,238.3,1026,Shortest,Fog,Low,22.39,51.49,2373.34,2026-03-02 19:00:00
T001460,D0261,V0017,Mangaluru,Hubballi,332.1,1590,Fastest,Fog,Medium,39.76,93.26,4214.56,2026-03-02 20:00:00
T001461,D0088,V0166,Tumakuru,Bengaluru,253.1,3297,Shortest,Cloudy,High,31.33,84.14,2976.35,2026-03-02 21:00:00
T001462,D0049,V0140,Hassan,Mysuru,262.1,2136,Shortest,Rain,Low,35.84,93.34,3404.8,2026-03-02 22:00:00
T001463,D0358,V0154,Mandya,Hubballi,112.2,5540,Eco,Rain,Low,17.0,38.24,1802.0,2026-03-02 23:00:00
T001464,D0254,V0090,Tumakuru,Bengaluru,222.2,3652,Shortest,Clear,Medium,15.54,34.91,1647.24,2026-03-03 00:00:00
T001465,D0441,V0020,Mangaluru,Bengaluru,245.8,1656,Fastest,Cloudy,Medium,39.83,6.03,358.47,2026-03-03 01:00:00
T001466,D0089,V0199,Hassan,Tumakuru,146.1,3250,Shortest,Fog,High,14.73,35.43,1561.38,2026-03-03 02:00:00
T001467,D0065,V0072,Hassan,Mangaluru,243.3,2937,Eco,Cloudy,Medium,19.8,46.98,2098.8,2026-03-03 03:00:00
T001468,D0270,V0098,Hassan,Mysuru,104.9,7646,Shortest,Clear,High,9.51,21.14,1008.06,2026-03-03 04:00:00
T001469,D0175,V0006,Mandya,Mangaluru,128.8,9963,Eco,Rain,Low,22.53,3.48,202.77,2026-03-03 05:00:00
T001470,D0448,V0109,Belagavi,Hubballi,228.4,5142,Eco,Fog,High,23.16,3.54,208.44,2026-03-03 06:00:00
T001471,D0070,V0141,Hassan,Bengaluru,32.4,8833,Eco,Rain,Medium,5.14,9.46,385.5,2026-03-03 07:00:00
T001472,D0009,V0105,Hubballi,Hassan,214.4,2244,Eco,Rain,Medium,18.34,2.73,165.06,2026-03-03 08:00:00
T001473,D0478,V0115,Mysuru,Bengaluru,337.9,2181,Eco,Rain,High,43.12,6.61,388.08,2026-03-03 09:00:00
T001474,D0289,V0186,Hubballi,Bengaluru,246.5,3460,Fastest,Rain,Medium,20.22,38.84,1516.5,2026-03-03 10:00:00
T001475,D0210,V0182,Tumakuru,Mandya,270.6,9947,Fastest,Rain,Medium,51.0,7.45,459.0,2026-03-03 11:00:00
T001476,D0064,V0077,Belagavi,Hubballi,252.0,1045,Fastest,Rain,Medium,19.48,37.46,1461.0,2026-03-03 12:00:00
T001477,D0211,V0195,Hubballi,Belagavi,294.2,4585,Shortest,Clear,High,37.74,5.42,339.66,2026-03-03 13:00:00
T001478,D0436,V0196,Mangaluru,Mysuru,26.3,2815,Eco,Clear,Low,2.93,7.82,278.35,2026-03-03 14:00:00
T001479,D0180,V0135,Mangaluru,Mysuru,319.2,6661,Eco,Fog,Medium,47.19,129.35,4483.05,2026-03-03 15:00:00
T001480,D0261,V0200,Tumakuru,Hubballi,112.8,6685,Shortest,Rain,Medium,10.7,28.69,1016.5,2026-03-03 16:00:00
T001481,D0452,V0057,Hubballi,Bengaluru,177.3,2532,Eco,Clear,Medium,26.21,3.89,235.89,2026-03-03 17:00:00
T001482,D0136,V0127,Hubballi,Hassan,197.6,6633,Shortest,Fog,Medium,22.86,44.21,1714.5,2026-03-03 18:00:00
T001483,D0244,V0100,Belagavi,Mangaluru,171.7,8130,Eco,Clear,Low,13.15,25.47,986.25,2026-03-03 19:00:00
T001484,D0163,V0194,Tumakuru,Mangaluru,166.9,8219,Fastest,Clear,Low,11.68,22.77,876.0,2026-03-03 20:00:00
T001485,D0382,V0075,Bengaluru,Belagavi,155.0,4815,Eco,Cloudy,Low,26.48,62.24,2806.88,2026-03-03 21:00:00
T001486,D0324,V0175,Hassan,Belagavi,243.4,720,Fastest,Fog,Low,20.57,3.15,185.13,2026-03-03 22:00:00
T001487,D0042,V0023,Mangaluru,Belagavi,159.1,9472,Fastest,Fog,Medium,41.53,80.06,3114.75,2026-03-03 23:00:00
T001488,D0250,V0172,Tumakuru,Hassan,168.1,500,Eco,Fog,High,32.77,62.59,2457.75,2026-03-04 00:00:00
T001489,D0308,V0151,Bengaluru,Hubballi,143.0,6642,Fastest,Fog,Medium,13.32,2.0,119.88,2026-03-04 01:00:00
T001490,D0143,V0124,Mandya,Tumakuru,159.5,4464,Shortest,Clear,Medium,26.13,49.41,1959.75,2026-03-04 02:00:00
T001491,D0110,V0142,Hubballi,Hassan,30.6,1979,Eco,Fog,Low,2.53,0.37,22.77,2026-03-04 03:00:00
T001492,D0116,V0130,Tumakuru,Mandya,54.0,8378,Shortest,Cloudy,High,11.21,1.65,100.89,2026-03-04 04:00:00
T001493,D0040,V0130,Belagavi,Hassan,119.8,3578,Fastest,Cloudy,Medium,20.2,3.01,181.8,2026-03-04 05:00:00
T001494,D0449,V0160,Mangaluru,Hubballi,75.4,1448,Shortest,Rain,Medium,5.7,10.88,427.5,2026-03-04 06:00:00
T001495,D0276,V0053,Mysuru,Tumakuru,172.0,2090,Shortest,Cloudy,Low,13.32,2.06,119.88,2026-03-04 07:00:00
T001496,D0361,V0156,Mysuru,Belagavi,105.2,3335,Eco,Rain,Low,6.72,15.51,712.32,2026-03-04 08:00:00
T001497,D0152,V0024,Mysuru,Mandya,40.9,1927,Eco,Fog,Low,4.08,7.91,306.0,2026-03-04 09:00:00
T001498,D0006,V0116,Mysuru,Hassan,93.7,7724,Shortest,Rain,Medium,8.02,15.57,601.5,2026-03-04 10:00:00
T001499,D0384,V0079,Mangaluru,Mandya,170.7,5833,Eco,Fog,Low,14.58,2.18,131.22,2026-03-04 11:00:00
T001500,D0470,V0188,Tumakuru,Mandya,70.4,2187,Fastest,Clear,High,5.34,12.48,566.04,2026-03-04 12:00:00
T001501,D0341,V0065,Bengaluru,Belagavi,313.1,2695,Shortest,Cloudy,Low,48.67,111.88,5159.02,2026-03-04 13:00:00
T001502,D0016,V0136,Hubballi,Mysuru,234.6,3671,Shortest,Fog,Low,21.77,3.35,195.93,2026-03-04 14:00:00
T001503,D0361,V0052,Mangaluru,Hassan,62.7,3087,Fastest,Fog,Low,12.33,28.84,1306.98,2026-03-04 15:00:00
T001504,D0152,V0086,Hassan,Mangaluru,172.8,3551,Shortest,Rain,Low,17.25,31.99,1293.75,2026-03-04 16:00:00
T001505,D0007,V0108,Hubballi,Bengaluru,115.1,6375,Eco,Cloudy,Medium,8.97,1.35,80.73,2026-03-04 17:00:00
T001506,D0201,V0177,Tumakuru,Belagavi,47.5,4753,Fastest,Rain,Medium,6.86,18.99,651.7,2026-03-04 18:00:00
T001507,D0106,V0100,Belagavi,Mangaluru,310.4,1359,Eco,Cloudy,Low,19.13,36.22,1434.75,2026-03-04 19:00:00
T001508,D0386,V0115,Hubballi,Bengaluru,324.3,1804,Shortest,Rain,High,40.81,6.18,367.29,2026-03-04 20:00:00
T001509,D0038,V0151,Mangaluru,Hubballi,101.1,2499,Eco,Rain,Medium,8.53,1.29,76.77,2026-03-04 21:00:00
T001510,D0170,V0187,Mysuru,Hubballi,154.9,4121,Fastest,Clear,High,13.66,2.01,122.94,2026-03-04 22:00:00
T001511,D0457,V0043,Hubballi,Belagavi,283.9,6522,Shortest,Cloudy,High,27.41,52.61,2055.75,2026-03-04 23:00:00
T001512,D0264,V0088,Hassan,Mysuru,101.0,7497,Shortest,Fog,High,23.23,60.52,2206.85,2026-03-05 00:00:00
T001513,D0376,V0072,Hubballi,Mandya,126.9,9913,Eco,Fog,Medium,14.26,32.53,1511.56,2026-03-05 01:00:00
T001514,D0359,V0160,Mangaluru,Hubballi,279.8,8504,Eco,Cloudy,High,23.56,45.73,1767.0,2026-03-05 02:00:00
T001515,D0317,V0127,Mandya,Tumakuru,166.4,7453,Eco,Clear,High,17.05,32.63,1278.75,2026-03-05 03:00:00
T001516,D0479,V0185,Mysuru,Mangaluru,153.1,630,Fastest,Fog,Low,18.93,43.46,2006.58,2026-03-05 04:00:00
T001517,D0328,V0040,Bengaluru,Mysuru,270.3,3327,Eco,Fog,High,23.51,3.56,211.59,2026-03-05 05:00:00
T001518,D0356,V0013,Bengaluru,Mangaluru,227.4,1856,Shortest,Fog,High,39.68,91.55,4206.08,2026-03-05 06:00:00
T001519,D0205,V0103,Mangaluru,Belagavi,92.3,8462,Fastest,Rain,High,18.94,50.77,1799.3,2026-03-05 07:00:00
T001520,D0359,V0036,Hubballi,Hassan,302.4,8622,Fastest,Fog,High,51.26,119.97,5433.56,2026-03-05 08:00:00
T001521,D0379,V0161,Mandya,Hubballi,195.1,3015,Shortest,Fog,Medium,21.14,39.58,1585.5,2026-03-05 09:00:00
T001522,D0469,V0041,Belagavi,Hassan,132.3,6828,Fastest,Cloudy,Low,12.79,29.57,1355.74,2026-03-05 10:00:00
T001523,D0426,V0088,Bengaluru,Tumakuru,205.2,1846,Shortest,Clear,Medium,31.58,84.11,3000.1,2026-03-05 11:00:00
T001524,D0310,V0200,Mandya,Mangaluru,243.6,3206,Eco,Clear,Medium,19.32,50.14,1835.4,2026-03-05 12:00:00
T001525,D0180,V0098,Mangaluru,Hubballi,208.2,5730,Shortest,Fog,Medium,20.16,45.71,2136.96,2026-03-05 13:00:00
T001526,D0253,V0027,Tumakuru,Mysuru,344.7,6009,Eco,Fog,High,55.79,8.63,502.11,2026-03-05 14:00:00
T001527,D0443,V0029,Bengaluru,Tumakuru,153.6,6165,Fastest,Cloudy,Medium,12.58,1.9,113.22,2026-03-05 15:00:00
T001528,D0340,V0019,Belagavi,Hubballi,95.5,4799,Shortest,Rain,Low,14.96,39.03,1421.2,2026-03-05 16:00:00
T001529,D0049,V0101,Mangaluru,Mandya,233.9,9248,Eco,Fog,Medium,21.78,40.11,1633.5,2026-03-05 17:00:00
T001530,D0383,V0154,Mangaluru,Tumakuru,25.8,5438,Eco,Rain,Medium,4.51,10.39,478.06,2026-03-05 18:00:00
T001531,D0377,V0168,Mysuru,Belagavi,83.8,5447,Eco,Cloudy,High,12.11,28.85,1283.66,2026-03-05 19:00:00
T001532,D0064,V0143,Belagavi,Mangaluru,214.7,6222,Shortest,Cloudy,Medium,24.4,3.65,219.6,2026-03-05 20:00:00
T001533,D0010,V0020,Bengaluru,Mysuru,172.3,8038,Eco,Fog,Low,34.89,5.37,314.01,2026-03-05 21:00:00
T001534,D0161,V0081,Tumakuru,Mangaluru,31.0,2103,Eco,Cloudy,High,2.98,8.04,283.1,2026-03-05 22:00:00
T001535,D0250,V0062,Hubballi,Hassan,152.6,6529,Shortest,Cloudy,Medium,13.5,2.04,121.5,2026-03-05 23:00:00
T001536,D0420,V0028,Hassan,Mandya,277.1,3676,Shortest,Cloudy,Medium,31.78,71.45,3368.68,2026-03-06 00:00:00
T001537,D0246,V0183,Hassan,Tumakuru,153.7,9802,Eco,Cloudy,Medium,33.9,5.18,305.1,2026-03-06 01:00:00
T001538,D0397,V0161,Bengaluru,Hubballi,37.0,7659,Eco,Cloudy,Medium,3.94,7.44,295.5,2026-03-06 02:00:00
T001539,D0454,V0130,Belagavi,Hubballi,215.1,9070,Eco,Clear,Low,34.59,5.28,311.31,2026-03-06 03:00:00
T001540,D0043,V0028,Tumakuru,Hubballi,237.0,8515,Shortest,Cloudy,Medium,32.76,74.44,3472.56,2026-03-06 04:00:00
T001541,D0110,V0047,Tumakuru,Hubballi,227.6,6640,Shortest,Rain,High,39.81,5.99,358.29,2026-03-06 05:00:00
T001542,D0030,V0053,Belagavi,Mysuru,188.7,9554,Shortest,Rain,Low,19.51,2.95,175.59,2026-03-06 06:00:00
T001543,D0069,V0043,Tumakuru,Belagavi,183.9,957,Fastest,Fog,High,17.3,32.77,1297.5,2026-03-06 07:00:00
T001544,D0261,V0124,Mandya,Mangaluru,88.3,6969,Eco,Cloudy,Low,14.18,27.16,1063.5,2026-03-06 08:00:00
T001545,D0216,V0168,Belagavi,Hassan,67.6,8409,Shortest,Clear,Medium,9.26,21.28,981.56,2026-03-06 09:00:00
T001546,D0114,V0012,Hubballi,Tumakuru,36.3,4205,Shortest,Fog,High,4.33,9.87,458.98,2026-03-06 10:00:00
T001547,D0350,V0006,Mysuru,Tumakuru,32.2,6839,Eco,Cloudy,High,5.99,0.93,53.91,2026-03-06 11:00:00
T001548,D0283,V0018,Mysuru,Hubballi,337.2,6623,Shortest,Clear,Low,23.99,56.58,2542.94,2026-03-06 12:00:00
T001549,D0071,V0200,Mangaluru,Mysuru,42.1,6085,Fastest,Fog,High,4.54,11.98,431.3,2026-03-06 13:00:00
T001550,D0396,V0095,Mangaluru,Belagavi,111.2,9433,Fastest,Cloudy,Low,20.37,3.09,183.33,2026-03-06 14:00:00
T001551,D0294,V0056,Mangaluru,Belagavi,47.9,6155,Fastest,Rain,Medium,6.01,15.87,570.95,2026-03-06 15:00:00
T001552,D0297,V0004,Mysuru,Mangaluru,129.0,4113,Eco,Fog,High,22.1,3.24,198.9,2026-03-06 16:00:00
T001553,D0156,V0019,Bengaluru,Hassan,155.6,2622,Eco,Clear,High,24.78,67.78,2354.1,2026-03-06 17:00:00
T001554,D0388,V0143,Mangaluru,Mysuru,98.9,7930,Eco,Rain,Low,10.85,1.57,97.65,2026-03-06 18:00:00
T001555,D0391,V0121,Belagavi,Mangaluru,229.6,4372,Fastest,Clear,High,21.75,59.37,2066.25,2026-03-06 19:00:00
T001556,D0144,V0137,Tumakuru,Belagavi,132.3,1207,Shortest,Rain,High,12.35,28.38,1309.1,2026-03-06 20:00:00
T001557,D0400,V0150,Mangaluru,Belagavi,115.5,6396,Shortest,Fog,High,13.65,2.04,122.85,2026-03-06 21:00:00
T001558,D0175,V0119,Tumakuru,Hassan,139.5,2955,Shortest,Rain,Medium,13.16,35.56,1250.2,2026-03-06 22:00:00
T001559,D0195,V0136,Bengaluru,Belagavi,87.1,6215,Shortest,Rain,High,10.41,1.58,93.69,2026-03-06 23:00:00
T001560,D0320,V0197,Mysuru,Mandya,191.4,7755,Eco,Fog,Low,15.45,40.72,1467.75,2026-03-07 00:00:00
T001561,D0414,V0195,Hubballi,Mysuru,144.2,7775,Fastest,Cloudy,High,18.47,2.81,166.23,2026-03-07 01:00:00
T001562,D0104,V0042,Bengaluru,Tumakuru,198.1,4298,Fastest,Cloudy,Medium,26.17,70.29,2486.15,2026-03-07 02:00:00
T001563,D0499,V0067,Hubballi,Belagavi,253.8,4212,Shortest,Fog,High,21.06,47.43,2232.36,2026-03-07 03:00:00
T001564,D0247,V0184,Mandya,Mangaluru,120.8,1295,Fastest,Rain,Low,9.86,1.47,88.74,2026-03-07 04:00:00
T001565,D0086,V0093,Mangaluru,Mysuru,55.2,6235,Eco,Clear,Medium,9.25,18.06,693.75,2026-03-07 05:00:00
T001566,D0272,V0164,Mangaluru,Belagavi,29.9,7817,Shortest,Fog,High,4.0,0.62,36.0,2026-03-07 06:00:00
T001567,D0206,V0107,Mysuru,Tumakuru,31.3,3921,Shortest,Rain,High,4.37,8.42,327.75,2026-03-07 07:00:00
T001568,D0291,V0093,Hassan,Belagavi,283.2,7196,Fastest,Cloudy,Medium,52.42,97.23,3931.5,2026-03-07 08:00:00
T001569,D0003,V0005,Hassan,Belagavi,80.3,5811,Fastest,Clear,Medium,15.08,2.28,135.72,2026-03-07 09:00:00
T001570,D0485,V0070,Bengaluru,Mysuru,258.6,1594,Eco,Rain,Medium,55.28,106.82,4146.0,2026-03-07 10:00:00
T001571,D0088,V0104,Belagavi,Mandya,234.6,9857,Eco,Clear,Medium,25.78,3.92,232.02,2026-03-07 11:00:00
T001572,D0462,V0061,Hassan,Mysuru,24.4,9599,Fastest,Fog,Low,5.12,12.01,542.72,2026-03-07 12:00:00
T001573,D0361,V0026,Hassan,Mysuru,152.4,8041,Fastest,Rain,High,13.81,2.09,124.29,2026-03-07 13:00:00
T001574,D0080,V0141,Mandya,Hassan,44.3,6280,Fastest,Clear,High,7.06,13.39,529.5,2026-03-07 14:00:00
T001575,D0416,V0032,Mandya,Mangaluru,320.1,1766,Eco,Rain,Medium,35.4,5.25,318.6,2026-03-07 15:00:00
T001576,D0469,V0047,Mangaluru,Belagavi,329.0,5399,Shortest,Clear,Medium,43.1,6.22,387.9,2026-03-07 16:00:00
T001577,D0231,V0061,Hassan,Hubballi,43.1,7614,Shortest,Fog,High,10.65,24.77,1128.9,2026-03-07 17:00:00
T001578,D0499,V0097,Tumakuru,Mangaluru,315.9,6429,Eco,Cloudy,High,67.24,155.9,7127.44,2026-03-07 18:00:00
T001579,D0476,V0137,Mandya,Mangaluru,322.2,807,Shortest,Cloudy,Medium,22.75,53.14,2411.5,2026-03-07 19:00:00
T001580,D0066,V0074,Mysuru,Tumakuru,250.7,3249,Eco,Fog,Medium,26.05,48.17,1953.75,2026-03-07 20:00:00
T001581,D0499,V0016,Hassan,Bengaluru,216.5,2142,Shortest,Rain,High,47.72,7.25,429.48,2026-03-07 21:00:00
T001582,D0497,V0004,Mysuru,Hassan,182.1,688,Shortest,Fog,High,27.24,4.25,245.16,2026-03-07 22:00:00
T001583,D0391,V0083,Belagavi,Hubballi,121.0,7336,Shortest,Cloudy,High,26.46,50.35,1984.5,2026-03-07 23:00:00
T001584,D0374,V0200,Mandya,Tumakuru,273.8,4371,Eco,Rain,Medium,23.62,63.22,2243.9,2026-03-08 00:00:00
T001585,D0075,V0116,Tumakuru,Belagavi,169.6,8745,Eco,Rain,Medium,15.52,29.67,1164.0,2026-03-08 01:00:00
T001586,D0362,V0192,Hassan,Bengaluru,152.2,1502,Shortest,Cloudy,High,11.34,1.77,102.06,2026-03-08 02:00:00
T001587,D0399,V0172,Hubballi,Tumakuru,26.3,3501,Shortest,Cloudy,High,4.48,8.34,336.0,2026-03-08 03:00:00
T001588,D0175,V0064,Mysuru,Mandya,101.3,3911,Fastest,Cloudy,Medium,7.52,20.24,714.4,2026-03-08 04:00:00
T001589,D0118,V0089,Mangaluru,Mysuru,255.8,1234,Eco,Clear,Low,21.89,3.23,197.01,2026-03-08 05:00:00
T001590,D0358,V0014,Mangaluru,Mandya,196.3,4979,Fastest,Rain,High,47.78,109.16,5064.68,2026-03-08 06:00:00
T001591,D0120,V0131,Mandya,Hassan,288.3,1083,Eco,Cloudy,Medium,21.1,56.49,2004.5,2026-03-08 07:00:00
T001592,D0316,V0183,Hassan,Hubballi,247.2,8207,Fastest,Rain,Low,48.43,7.46,435.87,2026-03-08 08:00:00
T001593,D0126,V0005,Mandya,Mangaluru,228.5,7554,Fastest,Rain,Medium,46.0,7.15,414.0,2026-03-08 09:00:00
T001594,D0161,V0011,Mandya,Bengaluru,308.4,5237,Fastest,Fog,Low,34.18,65.52,2563.5,2026-03-08 10:00:00
T001595,D0468,V0130,Mysuru,Hassan,82.6,1188,Shortest,Fog,Low,14.74,2.19,132.66,2026-03-08 11:00:00
T001596,D0305,V0054,Hassan,Mangaluru,69.1,1126,Eco,Clear,High,6.48,12.93,486.0,2026-03-08 12:00:00
T001597,D0477,V0153,Belagavi,Mangaluru,196.8,1249,Eco,Rain,Medium,14.65,33.55,1552.9,2026-03-08 13:00:00
T001598,D0422,V0001,Bengaluru,Mysuru,178.1,9576,Fastest,Fog,Low,40.43,75.94,3032.25,2026-03-08 14:00:00
T001599,D0114,V0013,Bengaluru,Tumakuru,190.2,7059,Shortest,Clear,High,30.97,69.0,3282.82,2026-03-08 15:00:00
T001600,D0199,V0124,Tumakuru,Mangaluru,201.0,4816,Shortest,Clear,Medium,31.49,61.5,2361.75,2026-03-08 16:00:00
T001601,D0180,V0172,Belagavi,Bengaluru,47.7,6487,Eco,Fog,Low,8.71,16.87,653.25,2026-03-08 17:00:00
T001602,D0170,V0195,Bengaluru,Hubballi,30.7,4004,Fastest,Rain,Medium,3.68,0.58,33.12,2026-03-08 18:00:00
T001603,D0191,V0073,Belagavi,Bengaluru,215.3,9470,Eco,Fog,Low,22.55,50.64,2390.3,2026-03-08 19:00:00
T001604,D0017,V0130,Mangaluru,Bengaluru,237.2,1097,Shortest,Rain,High,45.23,6.98,407.07,2026-03-08 20:00:00
T001605,D0104,V0198,Belagavi,Mysuru,122.3,5121,Fastest,Cloudy,Low,18.69,43.23,1981.14,2026-03-08 21:00:00
T001606,D0499,V0183,Tumakuru,Mangaluru,329.2,5054,Fastest,Fog,High,85.96,13.1,773.64,2026-03-08 22:00:00
T001607,D0075,V0087,Belagavi,Mangaluru,84.2,3042,Eco,Fog,Low,6.29,16.3,597.55,2026-03-08 23:00:00
T001608,D0185,V0021,Bengaluru,Hassan,146.1,6545,Shortest,Clear,Low,13.76,26.91,1032.0,2026-03-09 00:00:00
T001609,D0278,V0030,Bengaluru,Hassan,42.9,3444,Fastest,Clear,High,8.12,1.24,73.08,2026-03-09 01:00:00
T001610,D0166,V0142,Hassan,Tumakuru,47.4,5117,Eco,Fog,High,5.55,0.83,49.95,2026-03-09 02:00:00
T001611,D0040,V0077,Hassan,Hubballi,43.3,6512,Fastest,Cloudy,Medium,3.78,7.27,283.5,2026-03-09 03:00:00
T001612,D0294,V0105,Mysuru,Hassan,280.0,604,Eco,Cloudy,High,23.0,3.4,207.0,2026-03-09 04:00:00
T001613,D0372,V0125,Mandya,Hubballi,124.1,7204,Shortest,Cloudy,Medium,12.41,28.33,1315.46,2026-03-09 05:00:00
T001614,D0005,V0088,Mysuru,Mangaluru,54.2,1907,Shortest,Clear,Medium,8.45,22.44,802.75,2026-03-09 06:00:00
T001615,D0233,V0026,Mangaluru,Hassan,20.4,5348,Shortest,Clear,Medium,1.35,0.19,12.15,2026-03-09 07:00:00
T001616,D0168,V0170,Tumakuru,Mandya,176.4,8239,Shortest,Cloudy,Medium,36.88,71.28,2766.0,2026-03-09 08:00:00
T001617,D0118,V0101,Belagavi,Bengaluru,219.4,5233,Fastest,Clear,High,23.44,45.6,1758.0,2026-03-09 09:00:00
T001618,D0251,V0102,Belagavi,Mandya,97.1,4455,Fastest,Clear,Medium,18.31,41.7,1940.86,2026-03-09 10:00:00
T001619,D0032,V0072,Mandya,Hassan,94.5,7722,Eco,Rain,Low,8.73,20.31,925.38,2026-03-09 11:00:00
T001620,D0013,V0014,Mysuru,Tumakuru,24.0,7971,Eco,Fog,Low,5.32,12.22,563.92,2026-03-09 12:00:00
T001621,D0055,V0147,Bengaluru,Tumakuru,194.2,7432,Fastest,Clear,Medium,36.25,69.33,2718.75,2026-03-09 13:00:00
T001622,D0290,V0187,Hubballi,Hassan,112.2,7170,Shortest,Rain,High,11.76,1.74,105.84,2026-03-09 14:00:00
T001623,D0160,V0159,Hassan,Hubballi,97.3,3450,Eco,Clear,Low,9.44,21.42,1000.64,2026-03-09 15:00:00
T001624,D0356,V0040,Mysuru,Tumakuru,91.4,4973,Shortest,Rain,Medium,7.63,1.17,68.67,2026-03-09 16:00:00
T001625,D0233,V0170,Hassan,Belagavi,225.2,2015,Eco,Fog,High,54.32,103.08,4074.0,2026-03-09 17:00:00
T001626,D0287,V0165,Hubballi,Hassan,329.3,2159,Eco,Rain,Medium,43.6,104.79,4621.6,2026-03-09 18:00:00
T001627,D0385,V0068,Hubballi,Mangaluru,287.8,6941,Eco,Cloudy,Medium,32.49,75.12,3443.94,2026-03-09 19:00:00
T001628,D0368,V0061,Mangaluru,Mandya,180.4,4604,Shortest,Cloudy,High,38.63,87.58,4094.78,2026-03-09 20:00:00
T001629,D0013,V0160,Mangaluru,Mandya,61.6,3344,Eco,Clear,Medium,4.57,8.9,342.75,2026-03-09 21:00:00
T001630,D0133,V0065,Mysuru,Tumakuru,43.2,8925,Fastest,Cloudy,High,10.2,23.86,1081.2,2026-03-09 22:00:00
T001631,D0352,V0182,Tumakuru,Hubballi,340.6,9686,Eco,Clear,High,62.13,9.45,559.17,2026-03-09 23:00:00
T001632,D0372,V0108,Belagavi,Mangaluru,100.9,1650,Shortest,Rain,Medium,7.5,1.15,67.5,2026-03-10 00:00:00
T001633,D0247,V0099,Mysuru,Mangaluru,260.0,1534,Shortest,Rain,Low,19.16,43.68,2030.96,2026-03-10 01:00:00
T001634,D0313,V0152,Hubballi,Tumakuru,98.8,1583,Eco,Rain,High,9.78,18.53,733.5,2026-03-10 02:00:00
T001635,D0413,V0103,Mandya,Hassan,66.2,7941,Fastest,Cloudy,High,12.91,34.48,1226.45,2026-03-10 03:00:00
T001636,D0411,V0192,Hubballi,Belagavi,104.9,7532,Shortest,Rain,Low,8.94,1.31,80.46,2026-03-10 04:00:00
T001637,D0044,V0086,Bengaluru,Mangaluru,253.5,5698,Shortest,Fog,Medium,27.12,51.26,2034.0,2026-03-10 05:00:00
T001638,D0296,V0026,Belagavi,Tumakuru,178.0,2989,Fastest,Cloudy,Medium,12.41,1.91,111.69,2026-03-10 06:00:00
T001639,D0153,V0019,Hubballi,Mangaluru,27.4,9268,Fastest,Rain,High,5.77,15.54,548.15,2026-03-10 07:00:00
T001640,D0437,V0149,Belagavi,Hubballi,208.5,5674,Eco,Rain,Medium,43.7,80.79,3277.5,2026-03-10 08:00:00
T001641,D0112,V0182,Belagavi,Mangaluru,91.5,9145,Eco,Fog,Low,15.93,2.32,143.37,2026-03-10 09:00:00
T001642,D0204,V0064,Mandya,Mysuru,88.6,1025,Shortest,Clear,Medium,5.95,16.48,565.25,2026-03-10 10:00:00
T001643,D0088,V0163,Mandya,Belagavi,56.5,7731,Fastest,Cloudy,Low,4.77,12.76,453.15,2026-03-10 11:00:00
T001644,D0279,V0121,Mysuru,Mangaluru,168.2,4651,Shortest,Rain,Low,15.83,41.88,1503.85,2026-03-10 12:00:00
T001645,D0351,V0182,Mandya,Mangaluru,261.4,819,Fastest,Rain,Low,35.68,5.32,321.12,2026-03-10 13:00:00
T001646,D0232,V0035,Mandya,Mysuru,247.7,2613,Fastest,Fog,Low,40.33,5.87,362.97,2026-03-10 14:00:00
T001647,D0059,V0112,Tumakuru,Mysuru,348.6,9890,Fastest,Cloudy,High,28.77,4.44,258.93,2026-03-10 15:00:00
T001648,D0128,V0053,Hubballi,Tumakuru,147.2,523,Eco,Rain,Low,12.56,1.87,113.04,2026-03-10 16:00:00
T001649,D0015,V0026,Bengaluru,Hubballi,200.4,5893,Shortest,Rain,High,17.05,2.63,153.45,2026-03-10 17:00:00
T001650,D0313,V0105,Tumakuru,Bengaluru,59.3,9890,Shortest,Clear,High,5.46,0.82,49.14,2026-03-10 18:00:00
T001651,D0258,V0141,Hassan,Hubballi,73.7,3663,Eco,Clear,Medium,10.14,19.82,760.5,2026-03-10 19:00:00
T001652,D0396,V0028,Mangaluru,Hubballi,307.2,1924,Fastest,Rain,Low,37.04,86.0,3926.24,2026-03-10 20:00:00
T001653,D0273,V0151,Mandya,Tumakuru,33.3,806,Fastest,Fog,Medium,2.7,0.41,24.3,2026-03-10 21:00:00
T001654,D0312,V0057,Mysuru,Belagavi,313.3,6528,Shortest,Cloudy,Low,47.65,7.25,428.85,2026-03-10 22:00:00
T001655,D0311,V0023,Mangaluru,Tumakuru,154.2,2252,Shortest,Fog,High,37.45,72.04,2808.75,2026-03-10 23:00:00
T001656,D0200,V0001,Mandya,Tumakuru,308.4,9502,Shortest,Clear,Low,55.24,105.69,4143.0,2026-03-11 00:00:00
T001657,D0268,V0153,Mandya,Mysuru,58.4,6659,Fastest,Fog,High,5.91,13.59,626.46,2026-03-11 01:00:00
T001658,D0463,V0028,Hassan,Bengaluru,246.7,2414,Shortest,Rain,Medium,28.84,69.17,3057.04,2026-03-11 02:00:00
T001659,D0267,V0174,Mangaluru,Hubballi,150.0,8458,Shortest,Cloudy,Low,15.1,34.25,1600.6,2026-03-11 03:00:00
T001660,D0125,V0014,Tumakuru,Belagavi,97.5,9813,Fastest,Fog,High,28.43,65.68,3013.58,2026-03-11 04:00:00
T001661,D0207,V0149,Tumakuru,Belagavi,284.0,3291,Shortest,Clear,Medium,58.12,110.46,4359.0,2026-03-11 05:00:00
T001662,D0175,V0149,Mysuru,Hubballi,149.0,8944,Fastest,Rain,Low,27.69,53.03,2076.75,2026-03-11 06:00:00
T001663,D0255,V0085,Hubballi,Mandya,187.1,7326,Shortest,Cloudy,High,18.78,43.01,1990.68,2026-03-11 07:00:00
T001664,D0431,V0120,Hassan,Bengaluru,348.7,8129,Eco,Clear,High,36.93,99.6,3508.35,2026-03-11 08:00:00
T001665,D0007,V0061,Hubballi,Tumakuru,71.7,3598,Eco,Rain,Medium,14.2,32.69,1505.2,2026-03-11 09:00:00
T001666,D0235,V0061,Mandya,Belagavi,245.5,5637,Shortest,Cloudy,Low,40.35,90.26,4277.1,2026-03-11 10:00:00
T001667,D0218,V0157,Mandya,Mysuru,101.1,5902,Fastest,Clear,Medium,8.02,1.2,72.18,2026-03-11 11:00:00
T001668,D0480,V0093,Mysuru,Tumakuru,103.0,9734,Eco,Rain,Medium,21.46,39.88,1609.5,2026-03-11 12:00:00
T001669,D0167,V0008,Mandya,Tumakuru,243.4,7669,Shortest,Clear,Medium,18.57,48.04,1764.15,2026-03-11 13:00:00
T001670,D0190,V0095,Hubballi,Tumakuru,249.3,5805,Eco,Clear,Medium,46.06,6.93,414.54,2026-03-11 14:00:00
T001671,D0440,V0050,Tumakuru,Belagavi,91.4,9946,Shortest,Fog,Medium,8.68,16.65,651.0,2026-03-11 15:00:00
T001672,D0456,V0145,Hubballi,Tumakuru,144.4,784,Fastest,Cloudy,Medium,13.89,37.62,1319.55,2026-03-11 16:00:00
T001673,D0470,V0185,Belagavi,Hubballi,219.8,1599,Eco,Fog,Low,27.56,64.39,2921.36,2026-03-11 17:00:00
T001674,D0094,V0187,Hubballi,Tumakuru,177.0,1710,Shortest,Clear,Medium,13.36,1.93,120.24,2026-03-11 18:00:00
T001675,D0115,V0007,Hubballi,Belagavi,234.1,8370,Fastest,Clear,Medium,36.85,82.81,3906.1,2026-03-11 19:00:00
T001676,D0147,V0159,Belagavi,Mangaluru,112.3,9669,Eco,Clear,Medium,12.13,29.13,1285.78,2026-03-11 20:00:00
T001677,D0086,V0108,Mandya,Hubballi,237.9,9952,Shortest,Clear,Low,18.78,2.76,169.02,2026-03-11 21:00:00
T001678,D0219,V0068,Belagavi,Hassan,24.3,7708,Fastest,Clear,High,3.41,7.97,361.46,2026-03-11 22:00:00
T001679,D0227,V0001,Tumakuru,Hassan,183.3,4966,Eco,Rain,Low,37.79,70.81,2834.25,2026-03-11 23:00:00
T001680,D0070,V0132,Mandya,Mangaluru,121.1,2902,Eco,Clear,High,14.58,2.19,131.22,2026-03-12 00:00:00
T001681,D0199,V0187,Belagavi,Bengaluru,233.0,7017,Shortest,Clear,Medium,18.32,2.71,164.88,2026-03-12 01:00:00
T001682,D0451,V0045,Mangaluru,Hubballi,41.2,4800,Fastest,Cloudy,Low,4.39,8.43,329.25,2026-03-12 02:00:00
T001683,D0226,V0001,Mysuru,Mangaluru,203.6,2441,Eco,Clear,High,46.34,88.29,3475.5,2026-03-12 03:00:00
T001684,D0030,V0073,Belagavi,Mangaluru,54.1,4204,Fastest,Fog,Medium,5.69,13.03,603.14,2026-03-12 04:00:00
T001685,D0018,V0147,Tumakuru,Hassan,47.5,508,Fastest,Clear,Low,6.63,12.33,497.25,2026-03-12 05:00:00
T001686,D0352,V0196,Bengaluru,Mandya,134.8,4262,Shortest,Fog,Low,19.24,51.84,1827.8,2026-03-12 06:00:00
T001687,D0118,V0154,Belagavi,Mandya,234.0,7418,Eco,Rain,High,43.8,98.72,4642.8,2026-03-12 07:00:00
T001688,D0146,V0029,Tumakuru,Hubballi,234.0,6221,Shortest,Clear,Medium,17.93,2.71,161.37,2026-03-12 08:00:00
T001689,D0294,V0198,Hassan,Belagavi,166.6,7828,Eco,Fog,High,38.34,93.22,4064.04,2026-03-12 09:00:00
T001690,D0153,V0158,Belagavi,Mandya,217.6,6905,Shortest,Rain,High,20.49,39.98,1536.75,2026-03-12 10:00:00
T001691,D0170,V0007,Tumakuru,Hubballi,34.9,9755,Shortest,Rain,Medium,6.17,14.46,654.02,2026-03-12 11:00:00
T001692,D0266,V0096,Mysuru,Bengaluru,317.4,1660,Shortest,Clear,High,24.79,66.32,2355.05,2026-03-12 12:00:00
T001693,D0341,V0054,Mysuru,Mandya,137.8,1357,Shortest,Clear,High,12.03,21.97,902.25,2026-03-12 13:00:00
T001694,D0496,V0127,Mandya,Hubballi,303.3,2699,Fastest,Rain,High,32.84,60.75,2463.0,2026-03-12 14:00:00
T001695,D0131,V0156,Mandya,Bengaluru,301.8,9344,Eco,Fog,High,26.99,63.95,2860.94,2026-03-12 15:00:00
T001696,D0135,V0111,Tumakuru,Hubballi,176.6,1786,Eco,Cloudy,Low,20.38,46.33,2160.28,2026-03-12 16:00:00
T001697,D0278,V0135,Hubballi,Tumakuru,323.4,8053,Eco,Fog,High,54.52,144.07,5179.4,2026-03-12 17:00:00
T001698,D0456,V0001,Mandya,Hubballi,328.8,5878,Shortest,Cloudy,Medium,77.1,146.0,5782.5,2026-03-12 18:00:00
T001699,D0246,V0155,Bengaluru,Mysuru,70.6,4471,Eco,Rain,Medium,12.11,27.38,1283.66,2026-03-12 19:00:00
T001700,D0015,V0169,Mandya,Hubballi,324.1,7363,Eco,Clear,Medium,25.86,3.78,232.74,2026-03-12 20:00:00
T001701,D0091,V0167,Tumakuru,Mysuru,101.9,8561,Fastest,Fog,High,25.48,58.8,2700.88,2026-03-12 21:00:00
T001702,D0279,V0048,Mysuru,Mandya,226.4,9635,Eco,Clear,Medium,20.11,37.53,1508.25,2026-03-12 22:00:00
T001703,D0363,V0076,Mangaluru,Tumakuru,152.4,1809,Shortest,Fog,Medium,26.46,3.91,238.14,2026-03-12 23:00:00
T001704,D0140,V0100,Hubballi,Hassan,212.7,9117,Eco,Rain,High,19.92,37.26,1494.0,2026-03-13 00:00:00
T001705,D0277,V0143,Hassan,Bengaluru,241.1,8041,Fastest,Cloudy,High,30.65,4.65,275.85,2026-03-13 01:00:00
T001706,D0247,V0140,Hubballi,Tumakuru,164.0,6876,Fastest,Fog,High,37.0,98.7,3515.0,2026-03-13 02:00:00
T001707,D0288,V0058,Hassan,Mysuru,22.1,4901,Eco,Fog,Medium,3.48,9.29,330.6,2026-03-13 03:00:00
T001708,D0125,V0088,Mangaluru,Belagavi,307.1,7467,Fastest,Rain,Medium,58.76,159.36,5582.2,2026-03-13 04:00:00
T001709,D0483,V0033,Mangaluru,Tumakuru,137.6,8074,Fastest,Cloudy,Low,13.59,2.03,122.31,2026-03-13 05:00:00
T001710,D0173,V0075,Tumakuru,Bengaluru,271.9,7226,Shortest,Rain,Medium,56.43,129.63,5981.58,2026-03-13 06:00:00
T001711,D0404,V0150,Mysuru,Tumakuru,177.3,7403,Shortest,Clear,Medium,16.25,2.46,146.25,2026-03-13 07:00:00
T001712,D0344,V0111,Bengaluru,Hassan,338.1,8683,Shortest,Rain,High,50.57,118.38,5360.42,2026-03-13 08:00:00
T001713,D0338,V0109,Mangaluru,Tumakuru,173.5,3148,Fastest,Clear,Low,13.02,1.95,117.18,2026-03-13 09:00:00
T001714,D0031,V0022,Belagavi,Hassan,27.9,2609,Shortest,Rain,Low,2.46,6.6,233.7,2026-03-13 10:00:00
T001715,D0183,V0109,Belagavi,Bengaluru,306.2,9506,Shortest,Cloudy,Low,25.24,3.73,227.16,2026-03-13 11:00:00
T001716,D0235,V0006,Hassan,Tumakuru,112.5,2618,Shortest,Rain,Medium,20.5,3.02,184.5,2026-03-13 12:00:00
T001717,D0492,V0127,Mangaluru,Hassan,250.0,6080,Shortest,Rain,Medium,25.79,49.75,1934.25,2026-03-13 13:00:00
T001718,D0287,V0058,Mysuru,Tumakuru,57.9,6152,Fastest,Rain,Low,7.9,21.36,750.5,2026-03-13 14:00:00
T001719,D0448,V0018,Mandya,Belagavi,270.6,3530,Fastest,Rain,Low,21.67,50.51,2297.02,2026-03-13 15:00:00
T001720,D0104,V0007,Mandya,Tumakuru,228.1,8903,Shortest,Rain,Medium,38.45,89.32,4075.7,2026-03-13 16:00:00
T001721,D0378,V0180,Mandya,Hubballi,347.4,3332,Shortest,Rain,Low,30.77,58.52,2307.75,2026-03-13 17:00:00
T001722,D0245,V0147,Mysuru,Belagavi,202.1,5693,Shortest,Cloudy,Medium,35.89,69.14,2691.75,2026-03-13 18:00:00
T001723,D0461,V0153,Hassan,Mysuru,127.2,1924,Fastest,Clear,High,9.34,21.98,990.04,2026-03-13 19:00:00
T001724,D0096,V0127,Hubballi,Mangaluru,78.0,4419,Eco,Fog,Low,8.35,16.15,626.25,2026-03-13 20:00:00
T001725,D0018,V0042,Mysuru,Mandya,33.0,9112,Shortest,Rain,High,6.09,16.29,578.55,2026-03-13 21:00:00
T001726,D0079,V0018,Hassan,Bengaluru,292.1,4054,Fastest,Clear,High,25.89,61.46,2744.34,2026-03-13 22:00:00
T001727,D0044,V0003,Hubballi,Hassan,37.8,4066,Shortest,Clear,Medium,3.3,8.88,313.5,2026-03-13 23:00:00
T001728,D0391,V0064,Bengaluru,Mysuru,98.9,4963,Eco,Cloudy,Low,6.5,17.64,617.5,2026-03-14 00:00:00
T001729,D0441,V0168,Belagavi,Hassan,134.4,8024,Fastest,Rain,High,21.82,50.69,2312.92,2026-03-14 01:00:00
T001730,D0395,V0177,Mysuru,Bengaluru,235.3,7700,Fastest,Clear,Medium,30.6,82.41,2907.0,2026-03-14 02:00:00
T001731,D0468,V0153,Belagavi,Bengaluru,24.5,7002,Eco,Rain,Medium,2.07,4.71,219.42,2026-03-14 03:00:00
T001732,D0141,V0168,Mangaluru,Tumakuru,290.2,1295,Shortest,Fog,Low,33.96,79.55,3599.76,2026-03-14 04:00:00
T001733,D0449,V0167,Belagavi,Mandya,114.2,3303,Fastest,Cloudy,High,23.31,56.91,2470.86,2026-03-14 05:00:00
T001734,D0162,V0029,Mandya,Hubballi,143.4,3966,Shortest,Rain,Medium,10.98,1.63,98.82,2026-03-14 06:00:00
T001735,D0203,V0145,Hubballi,Hassan,199.1,3654,Fastest,Fog,Low,24.78,66.5,2354.1,2026-03-14 07:00:00
T001736,D0246,V0183,Hubballi,Hassan,316.5,4854,Fastest,Fog,High,80.87,12.02,727.83,2026-03-14 08:00:00
T001737,D0184,V0132,Mandya,Mangaluru,165.9,5446,Fastest,Clear,Medium,18.57,2.76,167.13,2026-03-14 09:00:00
T001738,D0213,V0138,Tumakuru,Hubballi,90.7,6745,Fastest,Clear,Low,13.62,2.11,122.58,2026-03-14 10:00:00
T001739,D0498,V0090,Bengaluru,Belagavi,129.8,4730,Fastest,Rain,Medium,9.72,22.15,1030.32,2026-03-14 11:00:00
T001740,D0352,V0081,Bengaluru,Mandya,115.7,5100,Eco,Rain,High,12.62,33.5,1198.9,2026-03-14 12:00:00
T001741,D0193,V0151,Mandya,Mysuru,183.9,8226,Eco,Cloudy,High,17.09,2.48,153.81,2026-03-14 13:00:00
T001742,D0324,V0116,Mangaluru,Hubballi,279.4,851,Shortest,Rain,High,25.65,48.0,1923.75,2026-03-14 14:00:00
T001743,D0141,V0136,Hassan,Tumakuru,285.2,4626,Shortest,Clear,Low,24.02,3.48,216.18,2026-03-14 15:00:00
T001744,D0416,V0047,Mangaluru,Hubballi,238.1,6322,Eco,Clear,Medium,31.76,4.82,285.84,2026-03-14 16:00:00
T001745,D0004,V0004,Mangaluru,Belagavi,163.6,2339,Eco,Cloudy,High,25.83,4.09,232.47,2026-03-14 17:00:00
T001746,D0346,V0031,Tumakuru,Hubballi,267.9,7205,Shortest,Cloudy,Medium,19.26,51.24,1829.7,2026-03-14 18:00:00
T001747,D0350,V0183,Bengaluru,Mysuru,49.9,5150,Shortest,Clear,Low,8.43,1.22,75.87,2026-03-14 19:00:00
T001748,D0362,V0164,Tumakuru,Bengaluru,250.6,4517,Eco,Cloudy,High,30.48,4.65,274.32,2026-03-14 20:00:00
T001749,D0285,V0032,Belagavi,Mangaluru,138.5,3909,Fastest,Fog,High,20.69,3.06,186.21,2026-03-14 21:00:00
T001750,D0346,V0134,Mandya,Hubballi,260.6,5048,Fastest,Fog,Low,43.13,118.59,4097.35,2026-03-14 22:00:00
T001751,D0299,V0130,Hubballi,Mandya,104.0,4450,Fastest,Clear,Low,15.74,2.35,141.66,2026-03-14 23:00:00
T001752,D0287,V0173,Mangaluru,Hubballi,81.0,8619,Eco,Fog,Medium,11.7,21.95,877.5,2026-03-15 00:00:00
T001753,D0497,V0042,Mandya,Bengaluru,267.8,3219,Eco,Clear,High,36.45,97.34,3462.75,2026-03-15 01:00:00
T001754,D0332,V0093,Hubballi,Mandya,320.5,8026,Fastest,Cloudy,High,66.02,127.34,4951.5,2026-03-15 02:00:00
T001755,D0304,V0006,Bengaluru,Mandya,245.3,7823,Fastest,Clear,High,50.5,7.54,454.5,2026-03-15 03:00:00
T001756,D0494,V0132,Hassan,Mysuru,32.1,4343,Eco,Clear,High,4.3,0.64,38.7,2026-03-15 04:00:00
T001757,D0345,V0069,Mandya,Mangaluru,155.2,6075,Eco,Fog,Medium,36.48,69.04,2736.0,2026-03-15 05:00:00
T001758,D0180,V0001,Mysuru,Tumakuru,349.3,1161,Fastest,Fog,High,92.61,171.48,6945.75,2026-03-15 06:00:00
T001759,D0088,V0096,Hassan,Mysuru,298.9,7763,Fastest,Rain,Medium,27.92,75.42,2652.4,2026-03-15 07:00:00
T001760,D0332,V0039,Hubballi,Mysuru,130.6,4952,Eco,Rain,Low,13.91,25.48,1043.25,2026-03-15 08:00:00
T001761,D0371,V0197,Bengaluru,Mysuru,257.6,7187,Shortest,Cloudy,Medium,18.83,50.02,1788.85,2026-03-15 09:00:00
T001762,D0072,V0057,Mangaluru,Hubballi,152.1,8647,Shortest,Cloudy,Medium,25.64,3.9,230.76,2026-03-15 10:00:00
T001763,D0107,V0065,Bengaluru,Mysuru,199.3,1057,Fastest,Cloudy,High,36.26,84.27,3843.56,2026-03-15 11:00:00
T001764,D0185,V0166,Hassan,Mangaluru,112.7,8476,Shortest,Clear,Low,11.72,31.78,1113.4,2026-03-15 12:00:00
T001765,D0009,V0168,Mysuru,Tumakuru,333.3,6826,Eco,Fog,High,53.83,124.19,5705.98,2026-03-15 13:00:00
T001766,D0166,V0053,Hassan,Tumakuru,224.8,2883,Shortest,Rain,Low,19.3,2.96,173.7,2026-03-15 14:00:00
T001767,D0467,V0156,Hassan,Hubballi,284.9,8179,Shortest,Fog,High,25.07,58.98,2657.42,2026-03-15 15:00:00
T001768,D0400,V0021,Mangaluru,Belagavi,211.9,989,Fastest,Rain,Medium,22.41,42.96,1680.75,2026-03-15 16:00:00
T001769,D0296,V0174,Tumakuru,Hassan,157.8,9214,Eco,Rain,High,19.53,45.95,2070.18,2026-03-15 17:00:00
T001770,D0167,V0091,Tumakuru,Mysuru,302.7,9773,Eco,Cloudy,Low,31.82,4.84,286.38,2026-03-15 18:00:00
T001771,D0404,V0191,Mangaluru,Tumakuru,115.4,5185,Eco,Rain,Medium,24.29,45.75,1821.75,2026-03-15 19:00:00
T001772,D0414,V0120,Bengaluru,Mandya,263.6,3842,Eco,Cloudy,High,24.28,63.32,2306.6,2026-03-15 20:00:00
T001773,D0289,V0055,Mandya,Mysuru,332.5,1570,Eco,Fog,Medium,47.79,129.15,4540.05,2026-03-15 21:00:00
T001774,D0500,V0191,Hubballi,Mangaluru,340.2,3027,Eco,Fog,Low,69.82,134.11,5236.5,2026-03-15 22:00:00
T001775,D0403,V0158,Mangaluru,Hubballi,330.0,880,Shortest,Fog,Low,25.03,48.59,1877.25,2026-03-15 23:00:00
T001776,D0223,V0148,Tumakuru,Mandya,267.9,5417,Eco,Rain,Medium,22.64,51.32,2399.84,2026-03-16 00:00:00
T001777,D0224,V0089,Mangaluru,Mysuru,185.4,1939,Shortest,Rain,Medium,19.05,2.81,171.45,2026-03-16 01:00:00
T001778,D0311,V0104,Hassan,Tumakuru,110.2,8824,Eco,Rain,Low,12.47,1.89,112.23,2026-03-16 02:00:00
T001779,D0477,V0057,Hubballi,Mandya,149.8,5385,Fastest,Cloudy,Medium,23.22,3.48,208.98,2026-03-16 03:00:00
T001780,D0280,V0012,Bengaluru,Belagavi,97.6,3933,Eco,Clear,High,10.49,23.32,1111.94,2026-03-16 04:00:00
T001781,D0468,V0150,Belagavi,Hassan,105.7,2507,Shortest,Fog,High,12.44,1.88,111.96,2026-03-16 05:00:00
T001782,D0258,V0183,Hubballi,Mangaluru,123.3,1649,Shortest,Fog,High,28.32,4.09,254.88,2026-03-16 06:00:00
T001783,D0264,V0081,Hubballi,Mangaluru,256.0,5671,Shortest,Clear,Low,18.52,48.7,1759.4,2026-03-16 07:00:00
T001784,D0049,V0139,Mysuru,Bengaluru,42.6,2017,Eco,Rain,Medium,7.92,15.45,594.0,2026-03-16 08:00:00
T001785,D0417,V0190,Mangaluru,Bengaluru,309.4,4147,Shortest,Clear,High,28.62,79.5,2718.9,2026-03-16 09:00:00
T001786,D0084,V0193,Tumakuru,Mangaluru,332.8,9650,Shortest,Cloudy,High,31.32,81.9,2975.4,2026-03-16 10:00:00
T001787,D0296,V0091,Hassan,Mysuru,288.2,3173,Fastest,Cloudy,Medium,27.52,4.1,247.68,2026-03-16 11:00:00
T001788,D0367,V0115,Belagavi,Hassan,139.9,4676,Shortest,Fog,Low,15.86,2.38,142.74,2026-03-16 12:00:00
T001789,D0163,V0126,Bengaluru,Tumakuru,215.3,2028,Fastest,Clear,Medium,15.38,30.26,1153.5,2026-03-16 13:00:00
T001790,D0031,V0047,Hassan,Belagavi,244.3,5817,Eco,Cloudy,Low,33.57,4.99,302.13,2026-03-16 14:00:00
T001791,D0221,V0143,Hassan,Bengaluru,280.9,8772,Shortest,Rain,High,35.6,5.29,320.4,2026-03-16 15:00:00
T001792,D0073,V0194,Bengaluru,Hassan,138.6,1302,Fastest,Clear,Low,8.26,16.18,619.5,2026-03-16 16:00:00
T001793,D0313,V0128,Hubballi,Belagavi,34.0,2174,Eco,Clear,High,7.07,13.33,530.25,2026-03-16 17:00:00
T001794,D0018,V0106,Mangaluru,Bengaluru,290.7,2657,Shortest,Rain,High,33.64,5.12,302.76,2026-03-16 18:00:00
T001795,D0341,V0159,Tumakuru,Mysuru,220.8,763,Eco,Rain,Low,20.37,45.66,2159.22,2026-03-16 19:00:00
T001796,D0413,V0089,Tumakuru,Hassan,154.1,3698,Fastest,Clear,High,17.06,2.55,153.54,2026-03-16 20:00:00
T001797,D0199,V0034,Hubballi,Tumakuru,125.7,7807,Eco,Cloudy,High,15.38,28.25,1153.5,2026-03-16 21:00:00
T001798,D0334,V0012,Mandya,Hassan,286.6,2546,Eco,Fog,Medium,29.07,65.73,3081.42,2026-03-16 22:00:00
T001799,D0368,V0038,Mangaluru,Belagavi,328.5,5780,Fastest,Cloudy,Low,29.8,81.2,2831.0,2026-03-16 23:00:00
T001800,D0186,V0015,Tumakuru,Mangaluru,148.9,6062,Fastest,Cloudy,Low,28.01,53.17,2100.75,2026-03-17 00:00:00
T001801,D0340,V0039,Tumakuru,Mandya,323.1,4468,Fastest,Cloudy,Medium,34.04,64.26,2553.0,2026-03-17 01:00:00
T001802,D0442,V0008,Hassan,Hubballi,56.0,9318,Eco,Clear,Medium,4.3,11.35,408.5,2026-03-17 02:00:00
T001803,D0476,V0030,Mandya,Hubballi,308.4,7497,Shortest,Cloudy,Low,54.95,8.21,494.55,2026-03-17 03:00:00
T001804,D0084,V0105,Bengaluru,Mysuru,285.3,6132,Eco,Cloudy,Medium,22.78,3.44,205.02,2026-03-17 04:00:00
T001805,D0268,V0137,Mangaluru,Belagavi,62.1,2854,Fastest,Rain,High,6.58,15.5,697.48,2026-03-17 05:00:00
T001806,D0348,V0143,Mangaluru,Mysuru,127.9,3556,Shortest,Fog,High,15.38,2.19,138.42,2026-03-17 06:00:00
T001807,D0195,V0097,Mandya,Bengaluru,345.7,1225,Shortest,Fog,Medium,67.48,153.29,7152.88,2026-03-17 07:00:00
T001808,D0432,V0056,Mandya,Bengaluru,226.5,6890,Shortest,Clear,High,30.64,82.38,2910.8,2026-03-17 08:00:00
T001809,D0002,V0163,Tumakuru,Hubballi,316.5,2495,Fastest,Rain,Low,30.28,80.99,2876.6,2026-03-17 09:00:00
T001810,D0416,V0032,Tumakuru,Mandya,327.4,6437,Fastest,Fog,Low,45.17,6.83,406.53,2026-03-17 10:00:00
T001811,D0151,V0078,Bengaluru,Belagavi,35.1,8631,Eco,Rain,Low,2.98,5.69,223.5,2026-03-17 11:00:00
T001812,D0477,V0034,Mysuru,Belagavi,327.8,2394,Eco,Clear,High,31.18,58.88,2338.5,2026-03-17 12:00:00
T001813,D0061,V0042,Tumakuru,Mangaluru,306.3,3242,Fastest,Cloudy,Low,36.61,97.08,3477.95,2026-03-17 13:00:00
T001814,D0285,V0119,Mysuru,Hassan,261.5,5573,Eco,Cloudy,Medium,22.74,60.64,2160.3,2026-03-17 14:00:00
T001815,D0493,V0184,Mangaluru,Hassan,24.1,2781,Fastest,Fog,Medium,2.46,0.38,22.14,2026-03-17 15:00:00
T001816,D0285,V0067,Hassan,Belagavi,302.6,7714,Fastest,Cloudy,Medium,21.25,48.37,2252.5,2026-03-17 16:00:00
T001817,D0338,V0102,Hubballi,Tumakuru,74.8,1031,Eco,Fog,Medium,16.35,37.72,1733.1,2026-03-17 17:00:00
T001818,D0337,V0080,Tumakuru,Mangaluru,309.8,7594,Eco,Clear,High,25.09,3.78,225.81,2026-03-17 18:00:00
T001819,D0130,V0161,Belagavi,Hubballi,253.5,9167,Fastest,Cloudy,Medium,29.73,58.25,2229.75,2026-03-17 19:00:00
T001820,D0391,V0105,Hassan,Tumakuru,209.4,3669,Shortest,Clear,Low,14.38,2.14,129.42,2026-03-17 20:00:00
T001821,D0046,V0125,Hassan,Mandya,280.1,4708,Shortest,Cloudy,Medium,24.36,57.35,2582.16,2026-03-17 21:00:00
T001822,D0059,V0094,Mandya,Mysuru,86.2,951,Fastest,Fog,Medium,10.9,29.93,1035.5,2026-03-17 22:00:00
T001823,D0134,V0150,Hassan,Tumakuru,340.7,709,Fastest,Cloudy,Low,28.44,4.26,255.96,2026-03-17 23:00:00
T001824,D0464,V0124,Tumakuru,Belagavi,227.5,4172,Shortest,Clear,Medium,37.77,71.46,2832.75,2026-03-18 00:00:00
T001825,D0093,V0111,Hubballi,Bengaluru,34.9,5506,Fastest,Cloudy,Medium,4.37,10.03,463.22,2026-03-18 01:00:00
T001826,D0228,V0159,Mysuru,Hubballi,298.6,3702,Fastest,Rain,High,39.28,90.27,4163.68,2026-03-18 02:00:00
T001827,D0429,V0106,Belagavi,Mangaluru,184.7,575,Shortest,Cloudy,High,20.17,3.08,181.53,2026-03-18 03:00:00
T001828,D0194,V0123,Mangaluru,Hubballi,219.6,5306,Fastest,Rain,High,19.38,52.18,1841.1,2026-03-18 04:00:00
T001829,D0305,V0101,Mandya,Tumakuru,150.6,4822,Shortest,Fog,Medium,14.8,28.25,1110.0,2026-03-18 05:00:00
T001830,D0465,V0065,Mangaluru,Belagavi,227.4,5738,Shortest,Rain,Medium,45.29,102.27,4800.74,2026-03-18 06:00:00
T001831,D0450,V0059,Tumakuru,Hubballi,294.5,4738,Eco,Fog,Medium,45.89,85.5,3441.75,2026-03-18 07:00:00
T001832,D0298,V0049,Mangaluru,Mysuru,195.6,3556,Shortest,Rain,Medium,24.72,59.55,2620.32,2026-03-18 08:00:00
T001833,D0181,V0001,Bengaluru,Tumakuru,93.1,6829,Fastest,Rain,Low,18.89,35.76,1416.75,2026-03-18 09:00:00
T001834,D0240,V0072,Belagavi,Mangaluru,211.9,7496,Eco,Rain,Medium,21.27,48.37,2254.62,2026-03-18 10:00:00
T001835,D0058,V0086,Mandya,Tumakuru,84.9,2902,Fastest,Fog,Medium,9.46,18.49,709.5,2026-03-18 11:00:00
T001836,D0201,V0077,Bengaluru,Tumakuru,285.4,8982,Eco,Rain,Low,24.71,47.21,1853.25,2026-03-18 12:00:00
T001837,D0442,V0168,Hubballi,Bengaluru,107.0,6581,Eco,Rain,Medium,15.2,35.52,1611.2,2026-03-18 13:00:00
T001838,D0207,V0136,Mandya,Tumakuru,30.5,8206,Eco,Clear,High,3.29,0.49,29.61,2026-03-18 14:00:00
T001839,D0252,V0119,Hubballi,Bengaluru,304.7,4654,Eco,Cloudy,Low,25.83,68.78,2453.85,2026-03-18 15:00:00
T001840,D0297,V0017,Belagavi,Bengaluru,130.4,1235,Shortest,Clear,Medium,12.54,28.87,1329.24,2026-03-18 16:00:00
T001841,D0272,V0188,Belagavi,Tumakuru,87.6,4905,Shortest,Rain,Medium,7.01,15.75,743.06,2026-03-18 17:00:00
T001842,D0318,V0034,Mangaluru,Hubballi,114.0,8351,Fastest,Rain,Medium,13.58,25.76,1018.5,2026-03-18 18:00:00
T001843,D0253,V0191,Hubballi,Belagavi,345.4,9007,Eco,Clear,Medium,68.97,131.82,5172.75,2026-03-18 19:00:00
T001844,D0003,V0183,Hassan,Mysuru,340.7,6107,Fastest,Rain,Medium,68.52,10.66,616.68,2026-03-18 20:00:00
T001845,D0184,V0103,Hubballi,Hassan,84.6,6277,Eco,Cloudy,Low,12.67,34.01,1203.65,2026-03-18 21:00:00
T001846,D0061,V0038,Bengaluru,Belagavi,79.4,6353,Fastest,Cloudy,Low,6.77,17.3,643.15,2026-03-18 22:00:00
T001847,D0065,V0015,Mandya,Hubballi,32.9,5430,Shortest,Fog,High,8.61,16.33,645.75,2026-03-18 23:00:00
T001848,D0229,V0053,Belagavi,Mysuru,322.0,9108,Shortest,Fog,High,39.73,6.29,357.57,2026-03-19 00:00:00
T001849,D0478,V0071,Mandya,Tumakuru,68.0,2654,Shortest,Cloudy,Medium,5.35,10.34,401.25,2026-03-19 01:00:00
T001850,D0480,V0132,Mysuru,Hassan,318.7,2530,Shortest,Cloudy,Low,33.09,4.88,297.81,2026-03-19 02:00:00
T001851,D0284,V0073,Mysuru,Hubballi,283.7,2386,Shortest,Rain,High,28.65,66.96,3036.9,2026-03-19 03:00:00
T001852,D0477,V0093,Hassan,Mandya,28.8,6179,Eco,Fog,High,6.67,12.48,500.25,2026-03-19 04:00:00
T001853,D0229,V0197,Mandya,Hubballi,70.3,7905,Shortest,Rain,Medium,5.8,15.12,551.0,2026-03-19 05:00:00
T001854,D0306,V0121,Mandya,Belagavi,115.2,1131,Fastest,Cloudy,Medium,10.37,27.6,985.15,2026-03-19 06:00:00
T001855,D0219,V0034,Hubballi,Hassan,315.8,3735,Shortest,Clear,Medium,30.78,58.59,2308.5,2026-03-19 07:00:00
T001856,D0376,V0006,Bengaluru,Mandya,276.3,6653,Eco,Rain,High,57.86,8.35,520.74,2026-03-19 08:00:00
T001857,D0053,V0128,Mysuru,Hassan,289.6,1309,Fastest,Cloudy,Medium,53.07,98.52,3980.25,2026-03-19 09:00:00
T001858,D0490,V0170,Mangaluru,Hassan,284.5,4017,Fastest,Fog,High,77.68,147.62,5826.0,2026-03-19 10:00:00
T001859,D0258,V0107,Mangaluru,Belagavi,22.6,1332,Eco,Clear,Low,2.3,4.33,172.5,2026-03-19 11:00:00
T001860,D0399,V0158,Belagavi,Tumakuru,96.4,4474,Fastest,Fog,Low,6.94,13.29,520.5,2026-03-19 12:00:00
T001861,D0041,V0024,Bengaluru,Hassan,142.7,2269,Eco,Cloudy,High,15.65,29.01,1173.75,2026-03-19 13:00:00
T001862,D0466,V0001,Hassan,Mangaluru,163.0,4369,Shortest,Clear,Low,29.8,57.43,2235.0,2026-03-19 14:00:00
T001863,D0207,V0064,Belagavi,Tumakuru,52.8,4972,Fastest,Fog,Medium,4.65,12.17,441.75,2026-03-19 15:00:00
T001864,D0141,V0008,Hubballi,Mandya,178.6,4721,Eco,Fog,Medium,16.5,45.67,1567.5,2026-03-19 16:00:00
T001865,D0423,V0078,Mangaluru,Tumakuru,50.7,4966,Shortest,Fog,Medium,4.93,9.05,369.75,2026-03-19 17:00:00
T001866,D0160,V0168,Mangaluru,Mysuru,50.3,2862,Fastest,Fog,Medium,6.74,15.23,714.44,2026-03-19 18:00:00
T001867,D0414,V0133,Tumakuru,Belagavi,335.2,1546,Fastest,Fog,High,33.19,63.59,2489.25,2026-03-19 19:00:00
T001868,D0116,V0120,Mandya,Hassan,146.6,3904,Fastest,Cloudy,Low,11.35,31.43,1078.25,2026-03-19 20:00:00
T001869,D0257,V0063,Tumakuru,Hubballi,311.5,1343,Eco,Rain,Medium,27.71,4.18,249.39,2026-03-19 21:00:00
T001870,D0454,V0091,Mangaluru,Belagavi,284.4,6026,Fastest,Clear,Low,25.56,3.88,230.04,2026-03-19 22:00:00
T001871,D0019,V0095,Tumakuru,Mysuru,339.5,7235,Fastest,Cloudy,Medium,68.88,10.34,619.92,2026-03-19 23:00:00
T001872,D0026,V0064,Hubballi,Hassan,102.5,5837,Fastest,Rain,Low,7.38,19.37,701.1,2026-03-20 00:00:00
T001873,D0279,V0023,Mysuru,Mandya,93.9,4810,Fastest,Rain,Low,19.05,35.84,1428.75,2026-03-20 01:00:00
T001874,D0066,V0054,Mandya,Belagavi,181.7,3849,Shortest,Clear,Medium,14.89,27.61,1116.75,2026-03-20 02:00:00
T001875,D0236,V0168,Bengaluru,Hassan,69.9,5341,Shortest,Rain,Medium,9.06,20.39,960.36,2026-03-20 03:00:00
T001876,D0111,V0082,Mangaluru,Tumakuru,224.7,8754,Fastest,Clear,Medium,24.45,66.05,2322.75,2026-03-20 04:00:00
T001877,D0206,V0141,Mysuru,Bengaluru,216.5,7967,Eco,Cloudy,Low,30.04,55.79,2253.0,2026-03-20 05:00:00
T001878,D0410,V0023,Tumakuru,Mysuru,47.3,3442,Eco,Rain,Low,10.04,19.2,753.0,2026-03-20 06:00:00
T001879,D0167,V0085,Mangaluru,Tumakuru,27.3,6043,Fastest,Rain,Medium,2.74,6.16,290.44,2026-03-20 07:00:00
T001880,D0433,V0176,Mangaluru,Bengaluru,22.5,7653,Shortest,Rain,High,2.41,6.5,228.95,2026-03-20 08:00:00
T001881,D0498,V0062,Mysuru,Belagavi,146.4,6479,Fastest,Cloudy,Low,11.35,1.69,102.15,2026-03-20 09:00:00
T001882,D0459,V0114,Mangaluru,Bengaluru,307.4,5362,Fastest,Fog,Low,25.34,69.82,2407.3,2026-03-20 10:00:00
T001883,D0013,V0037,Mangaluru,Hubballi,326.5,1065,Eco,Clear,High,47.59,128.37,4521.05,2026-03-20 11:00:00
T001884,D0127,V0058,Bengaluru,Mangaluru,93.0,7326,Fastest,Rain,High,15.88,43.61,1508.6,2026-03-20 12:00:00
T001885,D0395,V0068,Bengaluru,Mangaluru,290.5,4322,Eco,Clear,Medium,30.25,68.82,3206.5,2026-03-20 13:00:00
T001886,D0461,V0175,Mysuru,Belagavi,80.7,4169,Fastest,Cloudy,High,8.3,1.25,74.7,2026-03-20 14:00:00
T001887,D0488,V0190,Hubballi,Tumakuru,166.7,4378,Shortest,Clear,Medium,12.86,33.79,1221.7,2026-03-20 15:00:00
T001888,D0368,V0167,Mysuru,Belagavi,144.9,1706,Eco,Cloudy,Low,23.91,54.78,2534.46,2026-03-20 16:00:00
T001889,D0424,V0039,Tumakuru,Bengaluru,147.3,5973,Shortest,Rain,Medium,16.48,31.15,1236.0,2026-03-20 17:00:00
T001890,D0076,V0168,Hubballi,Mysuru,306.9,3486,Eco,Rain,Medium,40.14,91.38,4254.84,2026-03-20 18:00:00
T001891,D0061,V0007,Mysuru,Mangaluru,163.9,4109,Eco,Clear,High,28.39,63.99,3009.34,2026-03-20 19:00:00
T001892,D0208,V0171,Bengaluru,Mysuru,307.9,3253,Shortest,Fog,High,49.6,91.58,3720.0,2026-03-20 20:00:00
T001893,D0358,V0099,Belagavi,Hubballi,36.4,8798,Fastest,Fog,Low,3.01,6.63,319.06,2026-03-20 21:00:00
T001894,D0357,V0145,Belagavi,Mysuru,229.8,2336,Shortest,Rain,Medium,26.07,68.39,2476.65,2026-03-20 22:00:00
T001895,D0023,V0013,Belagavi,Hubballi,113.2,8626,Eco,Cloudy,Medium,16.19,37.87,1716.14,2026-03-20 23:00:00
T001896,D0231,V0073,Mandya,Hubballi,57.3,8677,Eco,Rain,High,6.35,14.2,673.1,2026-03-21 00:00:00
T001897,D0091,V0090,Hassan,Mandya,147.6,2869,Fastest,Fog,Low,10.19,22.89,1080.14,2026-03-21 01:00:00
T001898,D0295,V0049,Hubballi,Belagavi,182.0,3954,Eco,Fog,High,27.75,66.4,2941.5,2026-03-21 02:00:00
T001899,D0119,V0061,Hubballi,Tumakuru,63.8,5897,Eco,Fog,Medium,13.22,30.15,1401.32,2026-03-21 03:00:00
T001900,D0382,V0095,Mysuru,Mandya,204.3,2502,Eco,Cloudy,Medium,33.68,5.08,303.12,2026-03-21 04:00:00
T001901,D0334,V0071,Hubballi,Mandya,318.9,7698,Eco,Cloudy,High,31.83,61.25,2387.25,2026-03-21 05:00:00
T001902,D0155,V0055,Mysuru,Tumakuru,119.2,5444,Shortest,Cloudy,High,20.72,56.27,1968.4,2026-03-21 06:00:00
T001903,D0404,V0049,Mandya,Tumakuru,72.1,6734,Shortest,Clear,High,9.4,21.05,996.4,2026-03-21 07:00:00
T001904,D0413,V0134,Hubballi,Tumakuru,144.6,9299,Eco,Fog,Low,24.49,65.33,2326.55,2026-03-21 08:00:00
T001905,D0319,V0050,Mysuru,Bengaluru,118.9,6214,Eco,Fog,Medium,10.72,19.71,804.0,2026-03-21 09:00:00
T001906,D0492,V0040,Hubballi,Tumakuru,314.9,4520,Eco,Clear,Low,19.52,3.07,175.68,2026-03-21 10:00:00
T001907,D0028,V0165,Belagavi,Bengaluru,302.2,2015,Eco,Rain,Medium,38.23,85.49,4052.38,2026-03-21 11:00:00
T001908,D0129,V0100,Bengaluru,Mandya,337.3,3279,Fastest,Rain,High,33.02,61.42,2476.5,2026-03-21 12:00:00
T001909,D0242,V0176,Hubballi,Hassan,321.3,1312,Shortest,Rain,Medium,28.29,74.24,2687.55,2026-03-21 13:00:00
T001910,D0324,V0196,Mangaluru,Bengaluru,149.1,1899,Shortest,Clear,Medium,19.51,50.72,1853.45,2026-03-21 14:00:00
T001911,D0375,V0086,Bengaluru,Mangaluru,131.4,4920,Fastest,Clear,High,13.97,27.26,1047.75,2026-03-21 15:00:00
T001912,D0060,V0113,Mysuru,Hassan,318.6,2120,Shortest,Rain,High,37.9,5.96,341.1,2026-03-21 16:00:00
T001913,D0352,V0027,Mandya,Mysuru,48.3,5138,Fastest,Clear,High,6.43,0.96,57.87,2026-03-21 17:00:00
T001914,D0062,V0073,Mangaluru,Hubballi,252.1,3259,Eco,Cloudy,High,22.09,49.68,2341.54,2026-03-21 18:00:00
T001915,D0317,V0129,Bengaluru,Mangaluru,317.7,8913,Shortest,Rain,Medium,48.95,88.84,3671.25,2026-03-21 19:00:00
T001916,D0488,V0027,Mysuru,Mandya,238.5,7321,Eco,Rain,High,32.02,4.78,288.18,2026-03-21 20:00:00
T001917,D0112,V0027,Bengaluru,Mysuru,52.5,6386,Eco,Rain,Low,6.18,0.92,55.62,2026-03-21 21:00:00
T001918,D0483,V0101,Mandya,Hubballi,309.3,8308,Fastest,Fog,Low,30.16,56.56,2262.0,2026-03-21 22:00:00
T001919,D0160,V0198,Belagavi,Hubballi,33.0,2705,Shortest,Fog,Low,5.36,12.44,568.16,2026-03-21 23:00:00
T001920,D0359,V0128,Hubballi,Mangaluru,150.4,8475,Fastest,Clear,High,34.04,65.19,2553.0,2026-03-22 00:00:00
T001921,D0146,V0119,Bengaluru,Belagavi,142.2,2753,Eco,Fog,Low,11.95,32.23,1135.25,2026-03-22 01:00:00
T001922,D0283,V0082,Hubballi,Belagavi,258.9,3535,Fastest,Cloudy,High,32.75,87.22,3111.25,2026-03-22 02:00:00
T001923,D0011,V0123,Mandya,Belagavi,295.3,1150,Eco,Fog,High,22.58,59.18,2145.1,2026-03-22 03:00:00
T001924,D0042,V0167,Hassan,Bengaluru,290.8,3632,Eco,Cloudy,High,62.99,147.44,6676.94,2026-03-22 04:00:00
T001925,D0145,V0169,Mangaluru,Bengaluru,258.7,9967,Shortest,Rain,High,26.54,3.98,238.86,2026-03-22 05:00:00
T001926,D0184,V0019,Mysuru,Mandya,200.5,4714,Shortest,Rain,High,36.63,99.91,3479.85,2026-03-22 06:00:00
T001927,D0151,V0025,Hassan,Hubballi,31.4,7274,Fastest,Clear,Medium,2.44,0.37,21.96,2026-03-22 07:00:00
T001928,D0206,V0194,Tumakuru,Mandya,55.4,6324,Shortest,Fog,Low,4.14,7.64,310.5,2026-03-22 08:00:00
T001929,D0403,V0120,Mandya,Mysuru,98.3,1147,Shortest,Fog,High,10.04,26.14,953.8,2026-03-22 09:00:00
T001930,D0484,V0079,Mysuru,Belagavi,308.2,7760,Shortest,Cloudy,Medium,25.09,3.71,225.81,2026-03-22 10:00:00
T001931,D0045,V0079,Hubballi,Mysuru,269.9,3872,Fastest,Cloudy,Low,17.86,2.62,160.74,2026-03-22 11:00:00
T001932,D0121,V0137,Mangaluru,Belagavi,340.5,2065,Shortest,Clear,Low,24.88,58.34,2637.28,2026-03-22 12:00:00
T001933,D0279,V0023,Mandya,Bengaluru,185.3,7835,Fastest,Rain,Low,39.2,75.0,2940.0,2026-03-22 13:00:00
T001934,D0108,V0171,Hassan,Mysuru,270.6,2603,Fastest,Fog,Low,38.48,74.72,2886.0,2026-03-22 14:00:00
T001935,D0432,V0102,Bengaluru,Tumakuru,139.2,531,Fastest,Clear,Medium,23.47,54.65,2487.82,2026-03-22 15:00:00
T001936,D0349,V0033,Mandya,Bengaluru,257.8,4301,Shortest,Cloudy,High,31.74,4.78,285.66,2026-03-22 16:00:00
T001937,D0284,V0117,Mysuru,Hubballi,192.5,8546,Eco,Fog,High,34.96,95.94,3321.2,2026-03-22 17:00:00
T001938,D0234,V0165,Hassan,Mangaluru,197.2,3133,Fastest,Cloudy,High,25.23,58.83,2674.38,2026-03-22 18:00:00
T001939,D0115,V0072,Hubballi,Tumakuru,286.8,2359,Shortest,Fog,High,30.4,70.32,3222.4,2026-03-22 19:00:00
T001940,D0099,V0146,Mysuru,Hassan,309.2,2237,Shortest,Rain,High,32.38,5.0,291.42,2026-03-22 20:00:00
T001941,D0016,V0106,Hassan,Mangaluru,80.3,4233,Shortest,Rain,Medium,8.14,1.22,73.26,2026-03-22 21:00:00
T001942,D0459,V0089,Hassan,Tumakuru,204.4,6382,Shortest,Clear,High,23.85,3.56,214.65,2026-03-22 22:00:00
T001943,D0367,V0187,Hubballi,Hassan,174.4,2718,Fastest,Cloudy,High,14.53,2.14,130.77,2026-03-22 23:00:00
T001944,D0152,V0104,Tumakuru,Hassan,270.7,2230,Shortest,Clear,Low,24.03,3.66,216.27,2026-03-23 00:00:00
T001945,D0487,V0070,Tumakuru,Mangaluru,161.1,2940,Eco,Fog,Medium,41.32,80.45,3099.0,2026-03-23 01:00:00
T001946,D0125,V0041,Bengaluru,Mysuru,185.7,5846,Eco,Clear,Low,17.69,40.82,1875.14,2026-03-23 02:00:00
T001947,D0457,V0066,Hubballi,Mangaluru,159.6,1480,Fastest,Fog,High,15.95,2.46,143.55,2026-03-23 03:00:00
T001948,D0012,V0073,Mandya,Hassan,153.3,9140,Fastest,Rain,Medium,15.04,33.37,1594.24,2026-03-23 04:00:00
T001949,D0404,V0032,Tumakuru,Mandya,247.5,3220,Eco,Clear,High,30.05,4.5,270.45,2026-03-23 05:00:00
T001950,D0241,V0076,Tumakuru,Mysuru,260.5,964,Shortest,Fog,High,52.22,7.83,469.98,2026-03-23 06:00:00
T001951,D0071,V0008,Tumakuru,Bengaluru,230.2,6712,Fastest,Clear,High,19.53,51.58,1855.35,2026-03-23 07:00:00
T001952,D0335,V0063,Mysuru,Hubballi,122.1,6488,Fastest,Fog,Medium,12.99,2.04,116.91,2026-03-23 08:00:00
T001953,D0141,V0085,Tumakuru,Mandya,262.4,5654,Fastest,Clear,High,23.27,53.68,2466.62,2026-03-23 09:00:00
T001954,D0094,V0050,Mangaluru,Bengaluru,196.2,2688,Fastest,Rain,Low,13.61,25.65,1020.75,2026-03-23 10:00:00
T001955,D0475,V0127,Mangaluru,Hubballi,76.6,5679,Fastest,Rain,Low,7.44,14.14,558.0,2026-03-23 11:00:00
T001956,D0251,V0124,Tumakuru,Mysuru,138.2,4646,Eco,Fog,Medium,25.44,46.4,1908.0,2026-03-23 12:00:00
T001957,D0153,V0140,Bengaluru,Tumakuru,22.9,7617,Fastest,Cloudy,Medium,3.89,10.27,369.55,2026-03-23 13:00:00
T001958,D0299,V0026,Mangaluru,Hubballi,305.6,2789,Fastest,Fog,Low,20.43,3.12,183.87,2026-03-23 14:00:00
T001959,D0432,V0162,Hubballi,Bengaluru,50.6,4643,Eco,Cloudy,Low,8.8,1.3,79.2,2026-03-23 15:00:00
T001960,D0031,V0167,Mysuru,Hubballi,150.1,4286,Shortest,Cloudy,Medium,27.43,62.31,2907.58,2026-03-23 16:00:00
T001961,D0047,V0128,Mandya,Tumakuru,203.7,4835,Shortest,Cloudy,Medium,42.04,81.97,3153.0,2026-03-23 17:00:00
T001962,D0099,V0186,Belagavi,Mangaluru,187.3,2289,Eco,Fog,High,19.21,37.48,1440.75,2026-03-23 18:00:00
T001963,D0495,V0054,Mandya,Hubballi,112.4,6957,Shortest,Cloudy,High,11.71,22.48,878.25,2026-03-23 19:00:00
T001964,D0188,V0026,Tumakuru,Bengaluru,111.8,1823,Fastest,Rain,High,8.8,1.31,79.2,2026-03-23 20:00:00
T001965,D0183,V0044,Mandya,Bengaluru,177.4,9116,Shortest,Rain,High,17.03,2.54,153.27,2026-03-23 21:00:00
T001966,D0451,V0117,Mangaluru,Hubballi,107.4,3670,Shortest,Cloudy,High,15.43,40.69,1465.85,2026-03-23 22:00:00
T001967,D0388,V0043,Mysuru,Bengaluru,23.9,1609,Eco,Fog,Medium,2.04,3.8,153.0,2026-03-23 23:00:00
T001968,D0497,V0007,Belagavi,Bengaluru,139.2,6334,Fastest,Cloudy,Low,20.21,45.71,2142.26,2026-03-24 00:00:00
T001969,D0436,V0059,Bengaluru,Tumakuru,225.5,2227,Fastest,Fog,Medium,29.95,56.2,2246.25,2026-03-24 01:00:00
T001970,D0328,V0179,Mandya,Hubballi,247.8,939,Shortest,Rain,High,20.05,45.36,2125.3,2026-03-24 02:00:00
T001971,D0300,V0193,Belagavi,Bengaluru,307.6,5075,Eco,Clear,High,25.55,66.33,2427.25,2026-03-24 03:00:00
T001972,D0059,V0118,Mangaluru,Belagavi,224.8,6410,Eco,Fog,Medium,18.33,34.98,1374.75,2026-03-24 04:00:00
T001973,D0087,V0188,Bengaluru,Mangaluru,113.4,5082,Fastest,Rain,Low,8.61,19.98,912.66,2026-03-24 05:00:00
T001974,D0174,V0148,Belagavi,Mandya,132.4,2088,Eco,Clear,High,11.37,27.16,1205.22,2026-03-24 06:00:00
T001975,D0277,V0032,Hubballi,Mysuru,167.0,5219,Shortest,Rain,Low,19.76,2.92,177.84,2026-03-24 07:00:00
T001976,D0340,V0050,Tumakuru,Hassan,68.3,5347,Shortest,Fog,Medium,6.08,11.62,456.0,2026-03-24 08:00:00
T001977,D0262,V0189,Belagavi,Tumakuru,315.2,6396,Shortest,Fog,High,71.01,135.76,5325.75,2026-03-24 09:00:00
T001978,D0313,V0082,Tumakuru,Bengaluru,186.3,4049,Eco,Fog,High,26.48,70.61,2515.6,2026-03-24 10:00:00
T001979,D0008,V0070,Mandya,Hassan,344.1,7715,Fastest,Fog,High,106.87,206.08,8015.25,2026-03-24 11:00:00
T001980,D0427,V0199,Mandya,Tumakuru,317.0,4113,Shortest,Cloudy,Low,23.75,55.71,2517.5,2026-03-24 12:00:00
T001981,D0014,V0142,Belagavi,Mysuru,346.4,6093,Eco,Cloudy,Low,29.78,4.5,268.02,2026-03-24 13:00:00
T001982,D0470,V0126,Hubballi,Hassan,26.5,9309,Fastest,Clear,Medium,2.17,4.1,162.75,2026-03-24 14:00:00
T001983,D0375,V0138,Hubballi,Mandya,235.9,4873,Shortest,Rain,Medium,41.94,6.25,377.46,2026-03-24 15:00:00
T001984,D0426,V0072,Hubballi,Bengaluru,28.2,4425,Fastest,Fog,Low,2.57,5.77,272.42,2026-03-24 16:00:00
T001985,D0258,V0180,Hassan,Tumakuru,204.7,8010,Eco,Fog,Low,18.0,33.65,1350.0,2026-03-24 17:00:00
T001986,D0390,V0139,Mangaluru,Belagavi,185.5,8683,Eco,Cloudy,Medium,38.28,71.83,2871.0,2026-03-24 18:00:00
T001987,D0325,V0042,Belagavi,Mysuru,158.0,2734,Fastest,Cloudy,Low,18.63,48.81,1769.85,2026-03-24 19:00:00
T001988,D0368,V0070,Mysuru,Mandya,304.2,8879,Eco,Clear,Medium,65.27,125.1,4895.25,2026-03-24 20:00:00
T001989,D0044,V0026,Hubballi,Hassan,22.3,7084,Shortest,Cloudy,High,1.76,0.27,15.84,2026-03-24 21:00:00
T001990,D0247,V0101,Mangaluru,Belagavi,176.4,1267,Shortest,Fog,Medium,14.67,27.37,1100.25,2026-03-24 22:00:00
T001991,D0320,V0138,Mangaluru,Mysuru,43.3,9009,Eco,Rain,High,9.34,1.41,84.06,2026-03-24 23:00:00
T001992,D0021,V0107,Bengaluru,Tumakuru,45.4,3288,Shortest,Rain,High,6.79,12.63,509.25,2026-03-25 00:00:00
T001993,D0300,V0010,Belagavi,Mysuru,120.7,4526,Fastest,Fog,Low,15.95,2.38,143.55,2026-03-25 01:00:00
T001994,D0135,V0172,Hassan,Belagavi,26.5,851,Eco,Clear,High,4.85,9.09,363.75,2026-03-25 02:00:00
T001995,D0211,V0156,Mandya,Mangaluru,149.6,7995,Eco,Rain,Low,10.73,25.08,1137.38,2026-03-25 03:00:00
T001996,D0497,V0102,Belagavi,Mangaluru,325.4,7450,Shortest,Rain,Medium,79.98,182.25,8477.88,2026-03-25 04:00:00
T001997,D0484,V0175,Hubballi,Mangaluru,102.6,6841,Fastest,Cloudy,Medium,10.12,1.55,91.08,2026-03-25 05:00:00
T001998,D0101,V0101,Tumakuru,Hubballi,175.3,9292,Eco,Cloudy,High,17.49,33.07,1311.75,2026-03-25 06:00:00
T001999,D0311,V0195,Bengaluru,Mysuru,288.2,1452,Shortest,Fog,Low,28.95,4.29,260.55,2026-03-25 07:00:00
T002000,D0039,V0147,Belagavi,Mysuru,53.3,1179,Shortest,Rain,High,12.24,22.67,918.0,2026-03-25 08:00:00
